course_id,config_id,subpart_id,class_id,class_limit,class_room,class_parent,room_id,room_penalty
1,1,1,1,20,,,23,4
1,1,1,1,20,,,28,0
1,1,1,1,20,,,29,4
1,1,1,1,20,,,8,0
1,1,1,1,20,,,21,0
2,2,2,2,10,,,23,4
2,2,2,2,10,,,28,4
2,2,2,2,10,,,29,4
2,2,2,2,10,,,8,4
2,2,2,2,10,,,21,4
2,2,2,2,10,,,32,4
2,2,2,2,10,,,3,4
2,2,2,2,10,,,5,0
2,2,2,2,10,,,11,0
2,2,2,2,10,,,12,1
2,2,2,2,10,,,24,1
3,3,3,3,20,,,23,4
3,3,3,3,20,,,28,4
3,3,3,3,20,,,29,4
3,3,3,3,20,,,8,4
3,3,3,3,20,,,21,4
3,3,3,3,20,,,32,4
3,3,3,3,20,,,3,4
3,3,3,3,20,,,5,0
3,3,3,3,20,,,11,0
3,3,3,3,20,,,12,1
3,3,3,3,20,,,24,1
4,4,4,4,120,,,23,0
4,4,4,4,120,,,29,0
4,4,4,4,120,,,30,4
4,4,4,4,120,,,13,4
4,4,4,4,120,,,20,4
5,5,5,5,100,,,23,0
5,5,5,5,100,,,29,0
5,5,5,5,100,,,30,4
5,5,5,5,100,,,13,4
5,5,5,5,100,,,20,4
6,6,6,6,70,,,30,44
6,6,6,6,70,,,13,0
6,6,6,6,70,,,20,41
7,7,7,7,60,,,23,4
7,7,7,7,60,,,28,0
7,7,7,7,60,,,29,4
7,7,7,7,60,,,8,0
7,7,7,7,60,,,21,0
7,7,7,7,60,,,32,1
7,7,7,7,60,,,3,0
8,8,8,8,100,,,23,0
8,8,8,8,100,,,29,0
8,8,8,8,100,,,30,4
8,8,8,8,100,,,13,4
8,8,8,8,100,,,20,4
9,9,9,9,34,,,3,0
9,9,10,10,34,,9,23,4
9,9,10,10,34,,9,28,0
9,9,10,10,34,,9,29,4
9,9,10,10,34,,9,8,0
9,9,10,10,34,,9,21,0
9,9,10,10,34,,9,32,4
9,9,10,10,34,,9,3,0
9,9,10,10,34,,9,12,0
9,9,10,10,34,,9,24,0
10,10,11,11,129,,,13,0
11,11,12,12,15,,,5,0
12,12,13,13,15,,,23,4
12,12,13,13,15,,,28,4
12,12,13,13,15,,,29,4
12,12,13,13,15,,,8,4
12,12,13,13,15,,,21,4
12,12,13,13,15,,,32,4
12,12,13,13,15,,,3,4
12,12,13,13,15,,,5,0
12,12,13,13,15,,,11,0
12,12,13,13,15,,,12,1
12,12,13,13,15,,,24,1
13,13,14,14,10,,,32,4
13,13,14,14,10,,,3,4
13,13,14,14,10,,,5,0
14,14,15,15,77,,,23,1
14,14,15,15,77,,,29,1
14,14,15,15,77,,,32,0
14,14,15,15,77,,,30,4
14,14,15,15,77,,,13,4
14,14,15,15,77,,,20,4
15,15,16,16,25,,,5,0
16,16,17,17,47,,,23,4
16,16,17,17,47,,,28,0
16,16,17,17,47,,,29,4
16,16,17,17,47,,,8,0
16,16,17,17,47,,,21,0
16,16,17,17,47,,,32,1
16,16,17,17,47,,,3,40
16,16,18,18,22,,,22,0
16,16,18,19,26,,,22,0
17,17,19,20,525,,,30,0
17,17,19,20,525,,,20,0
17,17,20,21,26,,,23,4
17,17,20,21,26,,,28,0
17,17,20,21,26,,,29,4
17,17,20,21,26,,,8,0
17,17,20,21,26,,,21,0
17,17,20,21,26,,,32,11
17,17,20,22,26,,,23,4
17,17,20,22,26,,,28,0
17,17,20,22,26,,,29,4
17,17,20,22,26,,,8,0
17,17,20,22,26,,,21,0
17,17,20,22,26,,,32,11
17,17,20,23,26,,,23,4
17,17,20,23,26,,,28,4
17,17,20,23,26,,,29,4
17,17,20,23,26,,,8,4
17,17,20,23,26,,,21,4
17,17,20,23,26,,,32,4
17,17,20,23,26,,,3,4
17,17,20,23,26,,,5,0
17,17,20,23,26,,,11,0
17,17,20,23,26,,,12,1
17,17,20,23,26,,,24,1
17,17,20,24,25,,,23,4
17,17,20,24,25,,,28,4
17,17,20,24,25,,,29,4
17,17,20,24,25,,,8,4
17,17,20,24,25,,,21,4
17,17,20,24,25,,,32,4
17,17,20,24,25,,,3,4
17,17,20,24,25,,,5,0
17,17,20,24,25,,,11,0
17,17,20,24,25,,,12,1
17,17,20,24,25,,,24,1
17,17,20,25,25,,,23,4
17,17,20,25,25,,,28,4
17,17,20,25,25,,,29,4
17,17,20,25,25,,,8,4
17,17,20,25,25,,,21,4
17,17,20,25,25,,,32,4
17,17,20,25,25,,,3,4
17,17,20,25,25,,,5,0
17,17,20,25,25,,,11,0
17,17,20,25,25,,,12,1
17,17,20,25,25,,,24,1
17,17,20,26,26,,,23,0
17,17,20,26,26,,,28,0
17,17,20,26,26,,,29,0
17,17,20,26,26,,,8,0
17,17,20,26,26,,,21,0
17,17,20,26,26,,,32,0
17,17,20,26,26,,,3,40
17,17,20,26,26,,,5,36
17,17,20,26,26,,,11,36
17,17,20,26,26,,,12,37
17,17,20,26,26,,,24,37
17,17,20,27,26,,,23,0
17,17,20,27,26,,,28,0
17,17,20,27,26,,,29,0
17,17,20,27,26,,,8,0
17,17,20,27,26,,,21,0
17,17,20,27,26,,,32,0
17,17,20,27,26,,,3,40
17,17,20,27,26,,,5,36
17,17,20,27,26,,,11,36
17,17,20,27,26,,,12,37
17,17,20,27,26,,,24,37
17,17,20,28,26,,,23,4
17,17,20,28,26,,,28,4
17,17,20,28,26,,,29,4
17,17,20,28,26,,,8,4
17,17,20,28,26,,,21,4
17,17,20,28,26,,,32,4
17,17,20,28,26,,,3,4
17,17,20,28,26,,,5,0
17,17,20,28,26,,,11,0
17,17,20,28,26,,,12,1
17,17,20,28,26,,,24,1
17,17,20,29,26,,,23,4
17,17,20,29,26,,,28,4
17,17,20,29,26,,,29,4
17,17,20,29,26,,,8,4
17,17,20,29,26,,,21,4
17,17,20,29,26,,,32,4
17,17,20,29,26,,,3,4
17,17,20,29,26,,,5,0
17,17,20,29,26,,,11,0
17,17,20,29,26,,,12,1
17,17,20,29,26,,,24,1
17,17,20,30,27,,,23,4
17,17,20,30,27,,,28,4
17,17,20,30,27,,,29,4
17,17,20,30,27,,,8,4
17,17,20,30,27,,,21,4
17,17,20,30,27,,,32,4
17,17,20,30,27,,,3,4
17,17,20,30,27,,,5,0
17,17,20,30,27,,,11,0
17,17,20,30,27,,,12,1
17,17,20,30,27,,,24,1
17,17,20,31,25,,,23,4
17,17,20,31,25,,,28,4
17,17,20,31,25,,,29,4
17,17,20,31,25,,,8,4
17,17,20,31,25,,,21,4
17,17,20,31,25,,,32,4
17,17,20,31,25,,,3,4
17,17,20,31,25,,,5,0
17,17,20,31,25,,,11,0
17,17,20,31,25,,,12,1
17,17,20,31,25,,,24,1
17,17,20,32,25,,,23,4
17,17,20,32,25,,,28,4
17,17,20,32,25,,,29,4
17,17,20,32,25,,,8,4
17,17,20,32,25,,,21,4
17,17,20,32,25,,,32,4
17,17,20,32,25,,,3,4
17,17,20,32,25,,,5,0
17,17,20,32,25,,,11,0
17,17,20,32,25,,,12,1
17,17,20,32,25,,,24,1
17,17,20,33,27,,,23,4
17,17,20,33,27,,,28,4
17,17,20,33,27,,,29,4
17,17,20,33,27,,,8,4
17,17,20,33,27,,,21,4
17,17,20,33,27,,,32,4
17,17,20,33,27,,,3,4
17,17,20,33,27,,,5,0
17,17,20,33,27,,,11,0
17,17,20,33,27,,,12,1
17,17,20,33,27,,,24,1
17,17,20,34,26,,,23,4
17,17,20,34,26,,,28,4
17,17,20,34,26,,,29,4
17,17,20,34,26,,,8,4
17,17,20,34,26,,,21,4
17,17,20,34,26,,,32,4
17,17,20,34,26,,,3,4
17,17,20,34,26,,,5,0
17,17,20,34,26,,,11,0
17,17,20,34,26,,,12,1
17,17,20,34,26,,,24,1
17,17,20,35,27,,,23,4
17,17,20,35,27,,,28,4
17,17,20,35,27,,,29,4
17,17,20,35,27,,,8,4
17,17,20,35,27,,,21,4
17,17,20,35,27,,,32,4
17,17,20,35,27,,,3,4
17,17,20,35,27,,,5,0
17,17,20,35,27,,,11,0
17,17,20,35,27,,,12,1
17,17,20,35,27,,,24,1
17,17,20,36,25,,,23,4
17,17,20,36,25,,,28,4
17,17,20,36,25,,,29,4
17,17,20,36,25,,,8,4
17,17,20,36,25,,,21,4
17,17,20,36,25,,,32,4
17,17,20,36,25,,,3,4
17,17,20,36,25,,,5,0
17,17,20,36,25,,,11,0
17,17,20,36,25,,,12,1
17,17,20,36,25,,,24,1
17,17,20,37,25,,,23,4
17,17,20,37,25,,,28,4
17,17,20,37,25,,,29,4
17,17,20,37,25,,,8,4
17,17,20,37,25,,,21,4
17,17,20,37,25,,,32,4
17,17,20,37,25,,,3,4
17,17,20,37,25,,,5,0
17,17,20,37,25,,,11,0
17,17,20,37,25,,,12,1
17,17,20,37,25,,,24,1
17,17,20,38,27,,,23,4
17,17,20,38,27,,,28,4
17,17,20,38,27,,,29,4
17,17,20,38,27,,,8,4
17,17,20,38,27,,,21,4
17,17,20,38,27,,,32,4
17,17,20,38,27,,,3,4
17,17,20,38,27,,,5,0
17,17,20,38,27,,,11,0
17,17,20,38,27,,,12,1
17,17,20,38,27,,,24,1
17,17,20,39,28,,,23,4
17,17,20,39,28,,,28,4
17,17,20,39,28,,,29,4
17,17,20,39,28,,,8,4
17,17,20,39,28,,,21,4
17,17,20,39,28,,,32,4
17,17,20,39,28,,,3,4
17,17,20,39,28,,,5,0
17,17,20,39,28,,,11,0
17,17,20,39,28,,,12,1
17,17,20,39,28,,,24,1
17,17,20,40,25,,,23,4
17,17,20,40,25,,,28,4
17,17,20,40,25,,,29,4
17,17,20,40,25,,,8,4
17,17,20,40,25,,,21,4
17,17,20,40,25,,,32,4
17,17,20,40,25,,,3,4
17,17,20,40,25,,,5,0
17,17,20,40,25,,,11,0
17,17,20,40,25,,,12,1
17,17,20,40,25,,,24,1
17,17,20,41,25,,,23,4
17,17,20,41,25,,,28,4
17,17,20,41,25,,,29,4
17,17,20,41,25,,,8,4
17,17,20,41,25,,,21,4
17,17,20,41,25,,,32,4
17,17,20,41,25,,,3,4
17,17,20,41,25,,,5,0
17,17,20,41,25,,,11,0
17,17,20,41,25,,,12,1
17,17,20,41,25,,,24,1
17,17,21,42,179,,,15,101
17,17,21,42,179,,,14,100
17,17,21,42,179,,,33,0
17,17,21,43,175,,,15,101
17,17,21,43,175,,,14,100
17,17,21,43,175,,,33,0
17,17,21,44,177,,,15,101
17,17,21,44,177,,,14,100
17,17,21,44,177,,,33,0
18,18,22,45,80,,,30,44
18,18,22,45,80,,,13,0
18,18,22,45,80,,,20,41
18,18,23,46,80,,45,30,44
18,18,23,46,80,,45,13,0
18,18,23,46,80,,45,20,41
18,18,24,47,20,,,23,4
18,18,24,47,20,,,28,4
18,18,24,47,20,,,29,4
18,18,24,47,20,,,8,4
18,18,24,47,20,,,21,4
18,18,24,47,20,,,32,4
18,18,24,47,20,,,3,4
18,18,24,47,20,,,5,0
18,18,24,48,20,,,23,4
18,18,24,48,20,,,28,4
18,18,24,48,20,,,29,4
18,18,24,48,20,,,8,4
18,18,24,48,20,,,21,4
18,18,24,48,20,,,32,4
18,18,24,48,20,,,3,4
18,18,24,48,20,,,5,0
18,18,24,49,21,,,23,4
18,18,24,49,21,,,28,4
18,18,24,49,21,,,29,4
18,18,24,49,21,,,8,4
18,18,24,49,21,,,21,4
18,18,24,49,21,,,32,4
18,18,24,49,21,,,3,4
18,18,24,49,21,,,5,0
18,18,24,50,20,,,23,4
18,18,24,50,20,,,28,4
18,18,24,50,20,,,29,4
18,18,24,50,20,,,8,4
18,18,24,50,20,,,21,4
18,18,24,50,20,,,32,4
18,18,24,50,20,,,3,4
18,18,24,50,20,,,5,0
19,19,25,51,30,,,2,0
20,20,26,52,40,,,23,4
20,20,26,52,40,,,28,0
20,20,26,52,40,,,29,4
20,20,26,52,40,,,8,0
20,20,26,52,40,,,21,0
20,20,26,52,40,,,32,4
20,20,26,52,40,,,3,0
20,20,26,52,40,,,12,0
20,20,26,52,40,,,24,0
21,21,27,53,52,,,23,1
21,21,27,53,52,,,29,1
21,21,27,53,52,,,32,0
21,21,28,54,20,,,22,0
21,21,28,54,20,,,2,4
21,21,28,55,32,,,2,0
22,22,29,56,50,,,23,4
22,22,29,56,50,,,28,0
22,22,29,56,50,,,29,4
22,22,29,56,50,,,8,0
22,22,29,56,50,,,21,0
22,22,29,56,50,,,32,4
22,22,29,56,50,,,3,0
22,22,29,56,50,,,12,0
22,22,29,56,50,,,24,0
23,23,30,57,40,,,17,0
23,23,30,57,40,,,28,0
24,24,31,58,405,,,30,0
24,24,32,59,20,,,23,4
24,24,32,59,20,,,28,4
24,24,32,59,20,,,29,4
24,24,32,59,20,,,8,4
24,24,32,59,20,,,21,4
24,24,32,59,20,,,32,4
24,24,32,59,20,,,3,4
24,24,32,59,20,,,5,0
24,24,32,59,20,,,11,0
24,24,32,59,20,,,12,1
24,24,32,59,20,,,24,1
24,24,32,60,20,,,23,4
24,24,32,60,20,,,28,4
24,24,32,60,20,,,29,4
24,24,32,60,20,,,8,4
24,24,32,60,20,,,21,4
24,24,32,60,20,,,32,4
24,24,32,60,20,,,3,4
24,24,32,60,20,,,5,0
24,24,32,60,20,,,11,0
24,24,32,60,20,,,12,1
24,24,32,60,20,,,24,1
24,24,32,61,20,,,23,4
24,24,32,61,20,,,28,4
24,24,32,61,20,,,29,4
24,24,32,61,20,,,8,4
24,24,32,61,20,,,21,4
24,24,32,61,20,,,32,4
24,24,32,61,20,,,3,4
24,24,32,61,20,,,5,0
24,24,32,61,20,,,11,0
24,24,32,61,20,,,12,1
24,24,32,61,20,,,24,1
24,24,32,62,20,,,23,4
24,24,32,62,20,,,28,4
24,24,32,62,20,,,29,4
24,24,32,62,20,,,8,4
24,24,32,62,20,,,21,4
24,24,32,62,20,,,32,4
24,24,32,62,20,,,3,4
24,24,32,62,20,,,5,0
24,24,32,62,20,,,11,0
24,24,32,62,20,,,12,1
24,24,32,62,20,,,24,1
24,24,32,63,20,,,23,4
24,24,32,63,20,,,28,4
24,24,32,63,20,,,29,4
24,24,32,63,20,,,8,4
24,24,32,63,20,,,21,4
24,24,32,63,20,,,32,4
24,24,32,63,20,,,3,4
24,24,32,63,20,,,5,0
24,24,32,63,20,,,11,0
24,24,32,63,20,,,12,1
24,24,32,63,20,,,24,1
24,24,32,64,20,,,23,4
24,24,32,64,20,,,28,4
24,24,32,64,20,,,29,4
24,24,32,64,20,,,8,4
24,24,32,64,20,,,21,4
24,24,32,64,20,,,32,4
24,24,32,64,20,,,3,4
24,24,32,64,20,,,5,0
24,24,32,64,20,,,11,0
24,24,32,64,20,,,12,1
24,24,32,64,20,,,24,1
24,24,32,65,20,,,23,4
24,24,32,65,20,,,28,4
24,24,32,65,20,,,29,4
24,24,32,65,20,,,8,4
24,24,32,65,20,,,21,4
24,24,32,65,20,,,32,4
24,24,32,65,20,,,3,4
24,24,32,65,20,,,5,0
24,24,32,65,20,,,11,0
24,24,32,65,20,,,12,1
24,24,32,65,20,,,24,1
24,24,32,66,20,,,23,4
24,24,32,66,20,,,28,4
24,24,32,66,20,,,29,4
24,24,32,66,20,,,8,4
24,24,32,66,20,,,21,4
24,24,32,66,20,,,32,4
24,24,32,66,20,,,3,4
24,24,32,66,20,,,5,0
24,24,32,66,20,,,11,0
24,24,32,66,20,,,12,1
24,24,32,66,20,,,24,1
24,24,32,67,20,,,23,4
24,24,32,67,20,,,28,4
24,24,32,67,20,,,29,4
24,24,32,67,20,,,8,4
24,24,32,67,20,,,21,4
24,24,32,67,20,,,32,4
24,24,32,67,20,,,3,4
24,24,32,67,20,,,5,0
24,24,32,67,20,,,11,0
24,24,32,67,20,,,12,1
24,24,32,67,20,,,24,1
24,24,32,68,20,,,23,4
24,24,32,68,20,,,28,4
24,24,32,68,20,,,29,4
24,24,32,68,20,,,8,4
24,24,32,68,20,,,21,4
24,24,32,68,20,,,32,4
24,24,32,68,20,,,3,4
24,24,32,68,20,,,5,0
24,24,32,68,20,,,11,0
24,24,32,68,20,,,12,1
24,24,32,68,20,,,24,1
24,24,32,69,20,,,23,4
24,24,32,69,20,,,28,4
24,24,32,69,20,,,29,4
24,24,32,69,20,,,8,4
24,24,32,69,20,,,21,4
24,24,32,69,20,,,32,4
24,24,32,69,20,,,3,4
24,24,32,69,20,,,5,0
24,24,32,69,20,,,11,0
24,24,32,69,20,,,12,1
24,24,32,69,20,,,24,1
24,24,32,70,20,,,23,4
24,24,32,70,20,,,28,4
24,24,32,70,20,,,29,4
24,24,32,70,20,,,8,4
24,24,32,70,20,,,21,4
24,24,32,70,20,,,32,4
24,24,32,70,20,,,3,4
24,24,32,70,20,,,5,0
24,24,32,70,20,,,11,0
24,24,32,70,20,,,12,1
24,24,32,70,20,,,24,1
24,24,32,71,20,,,23,4
24,24,32,71,20,,,28,4
24,24,32,71,20,,,29,4
24,24,32,71,20,,,8,4
24,24,32,71,20,,,21,4
24,24,32,71,20,,,32,4
24,24,32,71,20,,,3,4
24,24,32,71,20,,,5,0
24,24,32,71,20,,,11,0
24,24,32,71,20,,,12,1
24,24,32,71,20,,,24,1
24,24,32,72,20,,,23,4
24,24,32,72,20,,,28,4
24,24,32,72,20,,,29,4
24,24,32,72,20,,,8,4
24,24,32,72,20,,,21,4
24,24,32,72,20,,,32,4
24,24,32,72,20,,,3,4
24,24,32,72,20,,,5,0
24,24,32,72,20,,,11,0
24,24,32,72,20,,,12,1
24,24,32,72,20,,,24,1
24,24,32,73,20,,,23,4
24,24,32,73,20,,,28,4
24,24,32,73,20,,,29,4
24,24,32,73,20,,,8,4
24,24,32,73,20,,,21,4
24,24,32,73,20,,,32,4
24,24,32,73,20,,,3,4
24,24,32,73,20,,,5,0
24,24,32,73,20,,,11,0
24,24,32,73,20,,,12,1
24,24,32,73,20,,,24,1
24,24,32,74,20,,,23,4
24,24,32,74,20,,,28,4
24,24,32,74,20,,,29,4
24,24,32,74,20,,,8,4
24,24,32,74,20,,,21,4
24,24,32,74,20,,,32,4
24,24,32,74,20,,,3,4
24,24,32,74,20,,,5,0
24,24,32,74,20,,,11,0
24,24,32,74,20,,,12,1
24,24,32,74,20,,,24,1
24,24,32,75,20,,,23,4
24,24,32,75,20,,,28,4
24,24,32,75,20,,,29,4
24,24,32,75,20,,,8,4
24,24,32,75,20,,,21,4
24,24,32,75,20,,,32,4
24,24,32,75,20,,,3,4
24,24,32,75,20,,,5,0
24,24,32,75,20,,,11,0
24,24,32,75,20,,,12,1
24,24,32,75,20,,,24,1
24,24,32,76,20,,,23,4
24,24,32,76,20,,,28,4
24,24,32,76,20,,,29,4
24,24,32,76,20,,,8,4
24,24,32,76,20,,,21,4
24,24,32,76,20,,,32,4
24,24,32,76,20,,,3,4
24,24,32,76,20,,,5,0
24,24,32,76,20,,,11,0
24,24,32,76,20,,,12,1
24,24,32,76,20,,,24,1
24,24,32,77,21,,,23,4
24,24,32,77,21,,,28,4
24,24,32,77,21,,,29,4
24,24,32,77,21,,,8,4
24,24,32,77,21,,,21,4
24,24,32,77,21,,,32,4
24,24,32,77,21,,,3,4
24,24,32,77,21,,,5,0
24,24,32,77,21,,,11,0
24,24,32,77,21,,,12,1
24,24,32,77,21,,,24,1
24,24,32,78,21,,,23,0
24,24,32,78,21,,,28,0
24,24,32,78,21,,,29,0
24,24,32,78,21,,,8,0
24,24,32,78,21,,,21,0
24,24,32,78,21,,,32,0
24,24,32,78,21,,,3,10
24,24,32,78,21,,,5,6
24,24,32,78,21,,,11,6
24,24,32,78,21,,,12,7
24,24,32,78,21,,,24,7
24,24,32,79,21,,,23,0
24,24,32,79,21,,,28,0
24,24,32,79,21,,,29,0
24,24,32,79,21,,,8,0
24,24,32,79,21,,,21,0
24,24,32,79,21,,,32,0
24,24,32,79,21,,,3,10
24,24,32,79,21,,,5,6
24,24,32,79,21,,,11,6
24,24,32,79,21,,,12,7
24,24,32,79,21,,,24,7
25,25,33,80,83,,,23,0
25,25,33,80,83,,,29,0
25,25,33,80,83,,,30,4
25,25,33,80,83,,,13,4
25,25,33,80,83,,,20,4
26,26,34,81,30,,,3,0
26,26,35,82,30,,,23,4
26,26,35,82,30,,,28,0
26,26,35,82,30,,,29,4
26,26,35,82,30,,,8,0
26,26,35,82,30,,,21,0
26,26,35,82,30,,,32,1
27,27,36,83,240,,,13,0
27,27,37,84,240,,83,13,0
27,27,38,85,24,,,23,4
27,27,38,85,24,,,28,4
27,27,38,85,24,,,29,4
27,27,38,85,24,,,8,4
27,27,38,85,24,,,21,4
27,27,38,85,24,,,32,4
27,27,38,85,24,,,3,4
27,27,38,85,24,,,5,0
27,27,38,85,24,,,11,0
27,27,38,85,24,,,12,1
27,27,38,85,24,,,24,1
27,27,38,86,24,,,23,4
27,27,38,86,24,,,28,4
27,27,38,86,24,,,29,4
27,27,38,86,24,,,8,4
27,27,38,86,24,,,21,4
27,27,38,86,24,,,32,4
27,27,38,86,24,,,3,4
27,27,38,86,24,,,5,0
27,27,38,86,24,,,11,0
27,27,38,86,24,,,12,1
27,27,38,86,24,,,24,1
27,27,38,87,24,,,23,4
27,27,38,87,24,,,28,4
27,27,38,87,24,,,29,4
27,27,38,87,24,,,8,4
27,27,38,87,24,,,21,4
27,27,38,87,24,,,32,4
27,27,38,87,24,,,3,4
27,27,38,87,24,,,5,0
27,27,38,87,24,,,11,0
27,27,38,87,24,,,12,1
27,27,38,87,24,,,24,1
27,27,38,88,24,,,23,4
27,27,38,88,24,,,28,4
27,27,38,88,24,,,29,4
27,27,38,88,24,,,8,4
27,27,38,88,24,,,21,4
27,27,38,88,24,,,32,4
27,27,38,88,24,,,3,4
27,27,38,88,24,,,5,0
27,27,38,88,24,,,11,0
27,27,38,88,24,,,12,1
27,27,38,88,24,,,24,1
27,27,38,89,24,,,23,4
27,27,38,89,24,,,28,4
27,27,38,89,24,,,29,4
27,27,38,89,24,,,8,4
27,27,38,89,24,,,21,4
27,27,38,89,24,,,32,4
27,27,38,89,24,,,3,4
27,27,38,89,24,,,5,0
27,27,38,89,24,,,11,0
27,27,38,89,24,,,12,1
27,27,38,89,24,,,24,1
27,27,38,90,24,,,23,4
27,27,38,90,24,,,28,4
27,27,38,90,24,,,29,4
27,27,38,90,24,,,8,4
27,27,38,90,24,,,21,4
27,27,38,90,24,,,32,4
27,27,38,90,24,,,3,4
27,27,38,90,24,,,5,0
27,27,38,90,24,,,11,0
27,27,38,90,24,,,12,1
27,27,38,90,24,,,24,1
27,27,38,91,24,,,23,4
27,27,38,91,24,,,28,4
27,27,38,91,24,,,29,4
27,27,38,91,24,,,8,4
27,27,38,91,24,,,21,4
27,27,38,91,24,,,32,4
27,27,38,91,24,,,3,4
27,27,38,91,24,,,5,0
27,27,38,91,24,,,11,0
27,27,38,91,24,,,12,1
27,27,38,91,24,,,24,1
27,27,38,92,24,,,23,4
27,27,38,92,24,,,28,4
27,27,38,92,24,,,29,4
27,27,38,92,24,,,8,4
27,27,38,92,24,,,21,4
27,27,38,92,24,,,32,4
27,27,38,92,24,,,3,4
27,27,38,92,24,,,5,0
27,27,38,92,24,,,11,0
27,27,38,92,24,,,12,1
27,27,38,92,24,,,24,1
27,27,38,93,24,,,23,4
27,27,38,93,24,,,28,4
27,27,38,93,24,,,29,4
27,27,38,93,24,,,8,4
27,27,38,93,24,,,21,4
27,27,38,93,24,,,32,4
27,27,38,93,24,,,3,4
27,27,38,93,24,,,5,0
27,27,38,93,24,,,11,0
27,27,38,93,24,,,12,1
27,27,38,93,24,,,24,1
27,27,38,94,24,,,23,4
27,27,38,94,24,,,28,4
27,27,38,94,24,,,29,4
27,27,38,94,24,,,8,4
27,27,38,94,24,,,21,4
27,27,38,94,24,,,32,4
27,27,38,94,24,,,3,4
27,27,38,94,24,,,5,0
27,27,38,94,24,,,11,0
27,27,38,94,24,,,12,1
27,27,38,94,24,,,24,1
28,28,39,95,25,,,3,0
28,28,39,95,25,,,5,26
28,28,39,95,25,,,11,36
28,28,39,95,25,,,12,37
28,28,39,95,25,,,24,37
29,29,40,96,15,,,32,4
29,29,40,96,15,,,3,4
29,29,40,96,15,,,5,0
30,30,41,97,15,,,23,4
30,30,41,97,15,,,28,4
30,30,41,97,15,,,29,4
30,30,41,97,15,,,8,4
30,30,41,97,15,,,21,4
30,30,41,97,15,,,32,4
30,30,41,97,15,,,3,4
30,30,41,97,15,,,5,0
30,30,41,97,15,,,11,0
30,30,41,97,15,,,12,1
30,30,41,97,15,,,24,1
31,31,42,98,70,,,23,0
31,31,42,98,70,,,29,0
31,31,42,98,70,,,32,39
31,31,42,98,70,,,30,43
31,31,42,98,70,,,13,3
31,31,42,98,70,,,20,43
31,31,43,99,35,,,25,0
31,31,43,100,35,,,25,0
32,32,44,101,72,,,23,1
32,32,44,101,72,,,29,1
32,32,44,101,72,,,32,0
32,32,45,102,36,,,23,4
32,32,45,102,36,,,28,0
32,32,45,102,36,,,29,4
32,32,45,102,36,,,8,0
32,32,45,102,36,,,21,0
32,32,45,102,36,,,32,1
32,32,45,103,36,,,23,4
32,32,45,103,36,,,28,0
32,32,45,103,36,,,29,4
32,32,45,103,36,,,8,0
32,32,45,103,36,,,21,0
32,32,45,103,36,,,32,1
33,33,46,104,15,,,3,4
33,33,46,104,15,,,5,0
34,34,47,105,15,,,23,4
34,34,47,105,15,,,28,4
34,34,47,105,15,,,29,4
34,34,47,105,15,,,8,4
34,34,47,105,15,,,21,4
34,34,47,105,15,,,32,4
34,34,47,105,15,,,3,4
34,34,47,105,15,,,5,0
34,34,47,105,15,,,11,0
34,34,47,105,15,,,12,1
34,34,47,105,15,,,24,1
35,35,48,106,49,,,2,0
36,36,49,107,30,,,3,4
36,36,49,107,30,,,5,0
37,37,50,108,15,,,23,4
37,37,50,108,15,,,28,4
37,37,50,108,15,,,29,4
37,37,50,108,15,,,8,4
37,37,50,108,15,,,21,4
37,37,50,108,15,,,32,4
37,37,50,108,15,,,3,4
37,37,50,108,15,,,5,0
37,37,50,108,15,,,11,0
37,37,50,108,15,,,12,1
37,37,50,108,15,,,24,1
38,38,51,109,12,,,27,0
39,39,52,110,30,,,23,4
39,39,52,110,30,,,28,0
39,39,52,110,30,,,29,4
39,39,52,110,30,,,8,0
39,39,52,110,30,,,21,0
39,39,52,110,30,,,32,4
39,39,52,110,30,,,3,0
39,39,52,110,30,,,12,0
39,39,52,110,30,,,24,0
40,40,53,111,12,,,6,0
41,41,54,112,15,,,23,4
41,41,54,112,15,,,28,0
41,41,54,112,15,,,29,4
41,41,54,112,15,,,8,0
41,41,54,112,15,,,21,0
41,41,54,112,15,,,32,4
41,41,54,112,15,,,3,0
41,41,54,112,15,,,12,0
41,41,54,112,15,,,24,0
41,41,55,113,15,,,17,0
41,41,55,113,15,,,18,0
41,41,55,113,15,,,31,0
41,41,55,113,15,,,25,4
42,42,56,114,200,,,30,4
42,42,56,114,200,,,13,0
42,42,56,114,200,,,20,1
43,43,58,123,40,,,21,0
43,43,58,123,40,,,32,1
43,43,59,124,40,,,21,0
43,43,59,124,40,,,32,1
44,44,60,125,92,,,23,0
44,44,60,125,92,,,29,0
44,44,60,125,92,,,30,4
44,44,60,125,92,,,13,4
44,44,60,125,92,,,20,4
44,44,61,126,23,,,21,0
44,44,61,126,23,,,32,1
44,44,61,127,23,,,21,0
44,44,61,127,23,,,32,1
44,44,61,128,23,,,21,0
44,44,61,128,23,,,32,1
44,44,61,129,23,,,21,0
44,44,61,129,23,,,32,1
45,45,62,130,368,,,30,1
45,45,62,130,368,,,13,0
45,45,62,130,368,,,20,0
45,45,63,131,25,,,21,0
45,45,63,131,25,,,32,1
45,45,63,132,25,,,21,0
45,45,63,132,25,,,32,1
45,45,63,133,25,,,21,0
45,45,63,133,25,,,32,1
45,45,63,134,25,,,21,0
45,45,63,134,25,,,32,1
45,45,63,135,26,,,21,0
45,45,63,135,26,,,32,1
45,45,63,136,25,,,21,0
45,45,63,136,25,,,32,1
45,45,63,137,25,,,21,0
45,45,63,137,25,,,32,1
45,45,63,138,25,,,21,0
45,45,63,138,25,,,32,1
45,45,63,139,24,,,21,0
45,45,63,139,24,,,32,1
45,45,63,140,25,,,21,0
45,45,63,140,25,,,32,1
45,45,63,141,24,,,21,0
45,45,63,141,24,,,32,1
45,45,63,142,24,,,21,0
45,45,63,142,24,,,32,1
45,45,63,143,24,,,21,0
45,45,63,143,24,,,32,1
45,45,63,144,24,,,21,0
45,45,63,144,24,,,32,1
45,45,63,145,24,,,21,0
45,45,63,145,24,,,32,1
46,46,64,146,280,,,30,1
46,46,64,146,280,,,13,0
46,46,64,146,280,,,20,0
46,46,65,147,28,,,21,0
46,46,65,147,28,,,32,1
46,46,65,148,28,,,21,0
46,46,65,148,28,,,32,1
46,46,65,149,28,,,21,0
46,46,65,149,28,,,32,1
46,46,65,150,28,,,21,0
46,46,65,150,28,,,32,1
46,46,65,151,28,,,21,0
46,46,65,151,28,,,32,1
46,46,65,152,28,,,21,0
46,46,65,152,28,,,32,1
46,46,65,153,28,,,21,0
46,46,65,153,28,,,32,1
46,46,65,154,28,,,21,0
46,46,65,154,28,,,32,1
46,46,65,155,28,,,21,0
46,46,65,155,28,,,32,1
46,46,65,156,28,,,21,0
46,46,65,156,28,,,32,1
47,47,66,157,36,,,23,4
47,47,66,157,36,,,28,0
47,47,66,157,36,,,29,4
47,47,66,157,36,,,8,0
47,47,66,157,36,,,21,0
47,47,66,157,36,,,30,4
47,47,66,157,36,,,13,4
47,47,66,157,36,,,20,4
47,47,67,158,18,,,21,0
47,47,67,158,18,,,32,1
47,47,67,159,18,,,21,0
47,47,67,159,18,,,32,1
48,48,68,160,30,,,3,0
48,48,69,161,30,,160,3,0
48,48,70,162,30,,,3,0
49,49,71,163,150,,,30,4
49,49,71,163,150,,,13,0
49,49,71,163,150,,,20,1
49,49,72,164,15,,,17,0
49,49,72,164,15,,,22,0
49,49,72,164,15,,,18,0
49,49,72,164,15,,,31,0
49,49,72,164,15,,,2,4
49,49,72,165,15,,,17,0
49,49,72,165,15,,,22,0
49,49,72,165,15,,,18,0
49,49,72,165,15,,,31,0
49,49,72,165,15,,,2,4
49,49,72,166,30,,,21,0
49,49,72,166,30,,,32,1
49,49,72,167,30,,,21,0
49,49,72,167,30,,,32,1
49,49,72,168,30,,,21,0
49,49,72,168,30,,,32,1
49,49,72,169,30,,,21,0
49,49,72,169,30,,,32,1
50,50,73,170,15,,,23,4
50,50,73,170,15,,,28,4
50,50,73,170,15,,,29,4
50,50,73,170,15,,,8,4
50,50,73,170,15,,,21,4
50,50,73,170,15,,,32,4
50,50,73,170,15,,,3,4
50,50,73,170,15,,,5,0
50,50,73,170,15,,,11,0
50,50,73,170,15,,,12,1
50,50,73,170,15,,,24,1
51,51,74,171,63,,,23,4
51,51,74,171,63,,,28,0
51,51,74,171,63,,,29,4
51,51,74,171,63,,,8,0
51,51,74,171,63,,,21,0
51,51,74,171,63,,,32,1
52,52,75,172,10,,,27,0
53,53,76,173,150,,,30,4
53,53,76,173,150,,,13,0
53,53,76,173,150,,,20,1
54,54,77,174,16,,,23,4
54,54,77,174,16,,,28,4
54,54,77,174,16,,,29,4
54,54,77,174,16,,,8,4
54,54,77,174,16,,,21,4
54,54,77,174,16,,,32,4
54,54,77,174,16,,,3,4
54,54,77,174,16,,,5,0
54,54,77,174,16,,,11,0
54,54,77,174,16,,,12,1
54,54,77,174,16,,,24,1
55,55,78,175,20,,,23,4
55,55,78,175,20,,,28,4
55,55,78,175,20,,,29,4
55,55,78,175,20,,,8,4
55,55,78,175,20,,,21,4
55,55,78,175,20,,,32,4
55,55,78,175,20,,,3,4
55,55,78,175,20,,,5,0
55,55,78,175,20,,,11,0
55,55,78,175,20,,,12,1
55,55,78,175,20,,,24,1
56,56,79,176,15,,,23,4
56,56,79,176,15,,,28,4
56,56,79,176,15,,,29,4
56,56,79,176,15,,,8,4
56,56,79,176,15,,,21,4
56,56,79,176,15,,,32,4
56,56,79,176,15,,,3,4
56,56,79,176,15,,,5,0
56,56,79,176,15,,,11,0
56,56,79,176,15,,,12,1
56,56,79,176,15,,,24,1
57,57,80,177,34,,,23,4
57,57,80,177,34,,,28,0
57,57,80,177,34,,,29,4
57,57,80,177,34,,,8,0
57,57,80,177,34,,,21,0
57,57,80,177,34,,,32,4
57,57,80,177,34,,,3,0
57,57,80,177,34,,,12,0
57,57,80,177,34,,,24,0
58,58,81,178,10,,,19,0
59,59,82,179,180,,,30,4
59,59,82,179,180,,,13,0
59,59,82,179,180,,,20,1
60,60,83,180,40,,,23,4
60,60,83,180,40,,,28,4
60,60,83,180,40,,,29,4
60,60,83,180,40,,,8,4
60,60,83,180,40,,,21,4
60,60,83,180,40,,,32,4
60,60,83,180,40,,,3,4
60,60,83,180,40,,,5,0
60,60,83,180,40,,,11,0
60,60,83,180,40,,,12,1
60,60,83,180,40,,,24,1
61,61,84,181,10,,,23,4
61,61,84,181,10,,,28,4
61,61,84,181,10,,,29,4
61,61,84,181,10,,,8,4
61,61,84,181,10,,,21,4
61,61,84,181,10,,,32,4
61,61,84,181,10,,,3,4
61,61,84,181,10,,,5,0
61,61,84,181,10,,,11,0
61,61,84,181,10,,,12,1
61,61,84,181,10,,,24,1
62,62,85,182,59,,,23,4
62,62,85,182,59,,,28,0
62,62,85,182,59,,,29,4
62,62,85,182,59,,,8,0
62,62,85,182,59,,,21,0
62,62,85,182,59,,,32,4
62,62,85,182,59,,,3,0
62,62,85,182,59,,,12,40
62,62,85,182,59,,,24,40
62,62,85,182,59,,,30,4
62,62,85,182,59,,,13,4
62,62,85,182,59,,,20,4
63,63,86,183,150,,,30,14
63,63,86,183,150,,,13,0
63,63,86,183,150,,,20,11
64,64,87,184,250,,,30,31
64,64,87,184,250,,,20,0
65,65,88,185,15,,,23,4
65,65,88,185,15,,,28,4
65,65,88,185,15,,,29,4
65,65,88,185,15,,,8,4
65,65,88,185,15,,,21,4
65,65,88,185,15,,,32,4
65,65,88,185,15,,,3,4
65,65,88,185,15,,,5,0
65,65,88,185,15,,,11,0
65,65,88,185,15,,,12,1
65,65,88,185,15,,,24,1
66,66,89,186,40,,,23,4
66,66,89,186,40,,,28,0
66,66,89,186,40,,,29,4
66,66,89,186,40,,,8,0
66,66,89,186,40,,,21,0
66,66,89,186,40,,,32,4
66,66,89,186,40,,,3,0
66,66,89,186,40,,,12,0
66,66,89,186,40,,,24,0
67,67,90,187,15,,,23,44
67,67,90,187,15,,,28,44
67,67,90,187,15,,,29,44
67,67,90,187,15,,,8,44
67,67,90,187,15,,,21,44
67,67,90,187,15,,,32,44
67,67,90,187,15,,,3,44
67,67,90,187,15,,,5,0
67,67,90,187,15,,,11,40
67,67,90,187,15,,,12,41
67,67,90,187,15,,,24,41
68,68,91,188,80,,,30,43
68,68,91,188,80,,,13,39
68,68,91,188,80,,,20,0
69,69,92,189,24,,,23,4
69,69,92,189,24,,,28,0
69,69,92,189,24,,,29,4
69,69,92,189,24,,,8,0
69,69,92,189,24,,,21,0
69,69,92,189,24,,,3,0
69,69,93,190,24,,,25,0
70,70,94,191,30,,,23,4
70,70,94,191,30,,,28,0
70,70,94,191,30,,,29,4
70,70,94,191,30,,,8,0
70,70,94,191,30,,,21,0
70,70,94,191,30,,,32,4
70,70,94,191,30,,,3,0
70,70,94,191,30,,,12,0
70,70,94,191,30,,,24,0
71,71,95,192,21,,,23,4
71,71,95,192,21,,,28,4
71,71,95,192,21,,,29,4
71,71,95,192,21,,,8,4
71,71,95,192,21,,,21,4
71,71,95,192,21,,,32,4
71,71,95,192,21,,,3,4
71,71,95,192,21,,,5,0
71,71,95,192,21,,,11,0
71,71,95,192,21,,,12,1
71,71,95,192,21,,,24,1
71,71,95,193,23,,,23,4
71,71,95,193,23,,,28,4
71,71,95,193,23,,,29,4
71,71,95,193,23,,,8,4
71,71,95,193,23,,,21,4
71,71,95,193,23,,,32,4
71,71,95,193,23,,,3,4
71,71,95,193,23,,,5,0
71,71,95,193,23,,,11,0
71,71,95,193,23,,,12,1
71,71,95,193,23,,,24,1
72,72,96,194,24,,,23,4
72,72,96,194,24,,,28,4
72,72,96,194,24,,,29,4
72,72,96,194,24,,,8,4
72,72,96,194,24,,,21,4
72,72,96,194,24,,,32,4
72,72,96,194,24,,,3,4
72,72,96,194,24,,,5,0
72,72,96,194,24,,,11,0
72,72,96,194,24,,,12,1
72,72,96,194,24,,,24,1
72,72,97,195,24,,194,25,0
73,73,98,196,25,,,23,4
73,73,98,196,25,,,28,0
73,73,98,196,25,,,29,4
73,73,98,196,25,,,8,0
73,73,98,196,25,,,21,0
73,73,98,196,25,,,32,4
73,73,98,196,25,,,3,0
73,73,98,196,25,,,12,0
73,73,98,196,25,,,24,0
74,74,99,197,10,,,4,0
75,75,100,198,100,,,23,0
75,75,100,198,100,,,29,0
75,75,100,198,100,,,30,4
75,75,100,198,100,,,13,4
75,75,100,198,100,,,20,4
76,76,101,199,80,,,23,0
76,76,101,199,80,,,29,0
76,76,101,199,80,,,30,4
76,76,101,199,80,,,13,4
76,76,101,199,80,,,20,4
77,77,102,200,10,,,4,0
78,78,103,201,40,,,23,4
78,78,103,201,40,,,28,0
78,78,103,201,40,,,29,4
78,78,103,201,40,,,8,0
78,78,103,201,40,,,21,0
78,78,103,201,40,,,32,1
78,78,103,201,40,,,30,4
78,78,103,201,40,,,13,4
78,78,103,201,40,,,20,4
78,78,104,202,20,,,2,0
78,78,104,203,21,,,2,0
79,79,105,204,44,,,23,4
79,79,105,204,44,,,28,0
79,79,105,204,44,,,29,4
79,79,105,204,44,,,8,0
79,79,105,204,44,,,21,0
79,79,105,204,44,,,32,1
79,79,105,204,44,,,3,0
79,79,106,205,12,,,9,0
79,79,106,206,16,,,9,0
79,79,106,207,16,,,9,0
80,80,107,208,20,,,23,4
80,80,107,208,20,,,28,0
80,80,107,208,20,,,29,4
80,80,107,208,20,,,8,0
80,80,107,208,20,,,21,0
80,80,107,208,20,,,32,1
80,80,108,209,20,,,17,0
80,80,108,209,20,,,25,1
81,81,109,210,25,,,23,4
81,81,109,210,25,,,28,0
81,81,109,210,25,,,29,4
81,81,109,210,25,,,8,0
81,81,109,210,25,,,21,0
81,81,109,210,25,,,32,4
81,81,109,210,25,,,3,0
81,81,109,210,25,,,12,0
81,81,109,210,25,,,24,0
82,82,110,211,20,,,23,4
82,82,110,211,20,,,28,4
82,82,110,211,20,,,29,4
82,82,110,211,20,,,8,4
82,82,110,211,20,,,21,4
82,82,110,211,20,,,32,4
82,82,110,211,20,,,3,4
82,82,110,211,20,,,5,0
82,82,110,211,20,,,11,0
82,82,110,211,20,,,12,1
82,82,110,211,20,,,24,1
82,82,111,212,20,,,25,0
83,83,112,213,30,,,23,4
83,83,112,213,30,,,28,0
83,83,112,213,30,,,29,4
83,83,112,213,30,,,8,0
83,83,112,213,30,,,21,0
83,83,112,213,30,,,32,4
83,83,112,213,30,,,3,0
83,83,112,213,30,,,12,0
83,83,112,213,30,,,24,0
83,83,113,214,15,,,17,0
83,83,113,214,15,,,22,0
83,83,113,214,15,,,18,0
83,83,113,214,15,,,31,0
83,83,113,214,15,,,2,4
83,83,113,214,15,,,25,4
83,83,113,215,15,,,17,0
83,83,113,215,15,,,22,0
83,83,113,215,15,,,18,0
83,83,113,215,15,,,31,0
83,83,113,215,15,,,2,4
83,83,113,215,15,,,25,4
84,84,114,216,40,,,23,4
84,84,114,216,40,,,28,0
84,84,114,216,40,,,29,4
84,84,114,216,40,,,8,0
84,84,114,216,40,,,21,0
84,84,114,216,40,,,32,4
84,84,114,216,40,,,3,0
84,84,114,216,40,,,12,0
84,84,114,216,40,,,24,0
85,85,115,217,150,,,30,44
85,85,115,217,150,,,13,0
85,85,115,217,150,,,20,31
85,85,116,218,25,,,25,0
85,85,116,219,25,,,25,0
85,85,116,220,25,,,25,0
85,85,116,221,25,,,25,0
85,85,116,222,25,,,25,0
85,85,116,223,25,,,25,0
86,86,117,224,15,,,17,0
86,86,117,224,15,,,22,0
86,86,117,224,15,,,18,0
86,86,117,224,15,,,31,0
86,86,117,224,15,,,2,4
86,86,117,224,15,,,25,4
87,87,118,225,60,,,23,7
87,87,118,225,60,,,29,7
87,87,118,225,60,,,32,6
87,87,118,225,60,,,30,0
87,87,118,225,60,,,13,0
87,87,118,225,60,,,20,0
87,87,119,226,15,,,17,0
87,87,119,226,15,,,18,0
87,87,119,226,15,,,31,0
87,87,119,226,15,,,25,4
87,87,119,227,15,,,17,0
87,87,119,227,15,,,18,0
87,87,119,227,15,,,31,0
87,87,119,227,15,,,25,4
87,87,119,228,15,,,17,0
87,87,119,228,15,,,18,0
87,87,119,228,15,,,31,0
87,87,119,228,15,,,25,4
87,87,119,229,15,,,17,0
87,87,119,229,15,,,18,0
87,87,119,229,15,,,31,0
87,87,119,229,15,,,25,4
88,88,120,230,450,,,30,0
88,88,121,231,15,,,17,0
88,88,121,231,15,,,22,0
88,88,121,231,15,,,18,0
88,88,121,231,15,,,31,0
88,88,121,231,15,,,2,4
88,88,121,231,15,,,25,4
88,88,121,232,15,,,17,0
88,88,121,232,15,,,22,0
88,88,121,232,15,,,18,0
88,88,121,232,15,,,31,0
88,88,121,232,15,,,2,4
88,88,121,232,15,,,25,4
88,88,121,233,15,,,17,0
88,88,121,233,15,,,22,0
88,88,121,233,15,,,18,0
88,88,121,233,15,,,31,0
88,88,121,233,15,,,2,4
88,88,121,233,15,,,25,4
88,88,121,234,15,,,17,0
88,88,121,234,15,,,22,0
88,88,121,234,15,,,18,0
88,88,121,234,15,,,31,0
88,88,121,234,15,,,2,4
88,88,121,234,15,,,25,4
88,88,121,235,15,,,17,0
88,88,121,235,15,,,22,0
88,88,121,235,15,,,18,0
88,88,121,235,15,,,31,0
88,88,121,235,15,,,2,4
88,88,121,235,15,,,25,4
88,88,121,236,15,,,17,0
88,88,121,236,15,,,22,0
88,88,121,236,15,,,18,0
88,88,121,236,15,,,31,0
88,88,121,236,15,,,2,4
88,88,121,236,15,,,25,4
88,88,121,237,15,,,17,0
88,88,121,237,15,,,22,0
88,88,121,237,15,,,18,0
88,88,121,237,15,,,31,0
88,88,121,237,15,,,2,4
88,88,121,237,15,,,25,4
88,88,121,238,15,,,17,0
88,88,121,238,15,,,22,0
88,88,121,238,15,,,18,0
88,88,121,238,15,,,31,0
88,88,121,238,15,,,2,4
88,88,121,238,15,,,25,4
88,88,121,239,15,,,17,0
88,88,121,239,15,,,22,0
88,88,121,239,15,,,18,0
88,88,121,239,15,,,31,0
88,88,121,239,15,,,2,4
88,88,121,239,15,,,25,4
88,88,121,240,15,,,17,0
88,88,121,240,15,,,22,0
88,88,121,240,15,,,18,0
88,88,121,240,15,,,31,0
88,88,121,240,15,,,2,4
88,88,121,240,15,,,25,4
88,88,121,241,15,,,17,0
88,88,121,241,15,,,22,0
88,88,121,241,15,,,18,0
88,88,121,241,15,,,31,0
88,88,121,241,15,,,2,4
88,88,121,241,15,,,25,4
88,88,121,242,15,,,17,0
88,88,121,242,15,,,22,0
88,88,121,242,15,,,18,0
88,88,121,242,15,,,31,0
88,88,121,242,15,,,2,4
88,88,121,242,15,,,25,4
88,88,121,243,15,,,17,0
88,88,121,243,15,,,22,0
88,88,121,243,15,,,18,0
88,88,121,243,15,,,31,0
88,88,121,243,15,,,2,4
88,88,121,243,15,,,25,4
88,88,121,244,15,,,17,0
88,88,121,244,15,,,22,0
88,88,121,244,15,,,18,0
88,88,121,244,15,,,31,0
88,88,121,244,15,,,2,4
88,88,121,244,15,,,25,4
88,88,121,245,15,,,17,0
88,88,121,245,15,,,22,0
88,88,121,245,15,,,18,0
88,88,121,245,15,,,31,0
88,88,121,245,15,,,2,4
88,88,121,245,15,,,25,4
88,88,121,246,15,,,17,0
88,88,121,246,15,,,22,0
88,88,121,246,15,,,18,0
88,88,121,246,15,,,31,0
88,88,121,246,15,,,2,4
88,88,121,246,15,,,25,4
88,88,121,247,15,,,17,0
88,88,121,247,15,,,22,0
88,88,121,247,15,,,18,0
88,88,121,247,15,,,31,0
88,88,121,247,15,,,2,4
88,88,121,247,15,,,25,4
88,88,121,248,15,,,17,0
88,88,121,248,15,,,22,0
88,88,121,248,15,,,18,0
88,88,121,248,15,,,31,0
88,88,121,248,15,,,2,4
88,88,121,248,15,,,25,4
88,88,121,249,15,,,17,0
88,88,121,249,15,,,22,0
88,88,121,249,15,,,18,0
88,88,121,249,15,,,31,0
88,88,121,249,15,,,2,4
88,88,121,249,15,,,25,4
88,88,121,250,15,,,17,0
88,88,121,250,15,,,22,0
88,88,121,250,15,,,18,0
88,88,121,250,15,,,31,0
88,88,121,250,15,,,2,4
88,88,121,250,15,,,25,4
88,88,121,251,15,,,17,0
88,88,121,251,15,,,22,0
88,88,121,251,15,,,18,0
88,88,121,251,15,,,31,0
88,88,121,251,15,,,2,4
88,88,121,251,15,,,25,4
88,88,121,252,15,,,17,0
88,88,121,252,15,,,22,0
88,88,121,252,15,,,18,0
88,88,121,252,15,,,31,0
88,88,121,252,15,,,2,4
88,88,121,252,15,,,25,4
88,88,121,253,15,,,17,0
88,88,121,253,15,,,22,0
88,88,121,253,15,,,18,0
88,88,121,253,15,,,31,0
88,88,121,253,15,,,2,4
88,88,121,253,15,,,25,4
88,88,121,254,15,,,17,0
88,88,121,254,15,,,22,0
88,88,121,254,15,,,18,0
88,88,121,254,15,,,31,0
88,88,121,254,15,,,2,4
88,88,121,254,15,,,25,4
88,88,121,255,15,,,17,0
88,88,121,255,15,,,23,4
88,88,121,255,15,,,28,4
88,88,121,255,15,,,22,0
88,88,121,255,15,,,29,4
88,88,121,255,15,,,8,4
88,88,121,255,15,,,21,4
88,88,121,255,15,,,18,0
88,88,121,255,15,,,31,0
88,88,121,255,15,,,2,4
88,88,121,255,15,,,32,4
88,88,121,255,15,,,25,4
88,88,121,255,15,,,3,4
88,88,121,255,15,,,5,4
88,88,121,255,15,,,11,4
88,88,121,255,15,,,12,4
88,88,121,255,15,,,24,4
88,88,121,256,15,,,17,0
88,88,121,256,15,,,23,4
88,88,121,256,15,,,28,4
88,88,121,256,15,,,22,0
88,88,121,256,15,,,29,4
88,88,121,256,15,,,8,4
88,88,121,256,15,,,21,4
88,88,121,256,15,,,18,0
88,88,121,256,15,,,31,0
88,88,121,256,15,,,2,4
88,88,121,256,15,,,32,4
88,88,121,256,15,,,25,4
88,88,121,256,15,,,3,4
88,88,121,256,15,,,5,4
88,88,121,256,15,,,11,4
88,88,121,256,15,,,12,4
88,88,121,256,15,,,24,4
88,88,121,257,15,,,17,0
88,88,121,257,15,,,23,4
88,88,121,257,15,,,28,4
88,88,121,257,15,,,22,0
88,88,121,257,15,,,29,4
88,88,121,257,15,,,8,4
88,88,121,257,15,,,21,4
88,88,121,257,15,,,18,0
88,88,121,257,15,,,31,0
88,88,121,257,15,,,2,4
88,88,121,257,15,,,32,4
88,88,121,257,15,,,25,4
88,88,121,257,15,,,3,4
88,88,121,257,15,,,5,4
88,88,121,257,15,,,11,4
88,88,121,257,15,,,12,4
88,88,121,257,15,,,24,4
88,88,121,258,15,,,17,0
88,88,121,258,15,,,23,4
88,88,121,258,15,,,28,4
88,88,121,258,15,,,22,0
88,88,121,258,15,,,29,4
88,88,121,258,15,,,8,4
88,88,121,258,15,,,21,4
88,88,121,258,15,,,18,0
88,88,121,258,15,,,31,0
88,88,121,258,15,,,2,4
88,88,121,258,15,,,32,4
88,88,121,258,15,,,25,4
88,88,121,258,15,,,3,4
88,88,121,258,15,,,5,4
88,88,121,258,15,,,11,4
88,88,121,258,15,,,12,4
88,88,121,258,15,,,24,4
88,88,121,259,15,,,17,0
88,88,121,259,15,,,23,4
88,88,121,259,15,,,28,4
88,88,121,259,15,,,22,0
88,88,121,259,15,,,29,4
88,88,121,259,15,,,8,4
88,88,121,259,15,,,21,4
88,88,121,259,15,,,18,0
88,88,121,259,15,,,31,0
88,88,121,259,15,,,2,4
88,88,121,259,15,,,32,4
88,88,121,259,15,,,25,4
88,88,121,259,15,,,3,4
88,88,121,259,15,,,5,4
88,88,121,259,15,,,11,4
88,88,121,259,15,,,12,4
88,88,121,259,15,,,24,4
88,88,121,260,15,,,17,0
88,88,121,260,15,,,23,4
88,88,121,260,15,,,28,4
88,88,121,260,15,,,22,0
88,88,121,260,15,,,29,4
88,88,121,260,15,,,8,4
88,88,121,260,15,,,21,4
88,88,121,260,15,,,18,0
88,88,121,260,15,,,31,0
88,88,121,260,15,,,2,4
88,88,121,260,15,,,32,4
88,88,121,260,15,,,25,4
88,88,121,260,15,,,3,4
88,88,121,260,15,,,5,4
88,88,121,260,15,,,11,4
88,88,121,260,15,,,12,4
88,88,121,260,15,,,24,4
89,89,122,261,86,,,23,0
89,89,122,261,86,,,29,0
89,89,122,261,86,,,30,4
89,89,122,261,86,,,13,4
89,89,122,261,86,,,20,4
89,89,123,262,23,,,25,0
89,89,123,263,23,,,25,0
89,89,123,264,23,,,25,0
89,89,123,265,23,,,25,0
90,90,124,266,160,,,30,1
90,90,124,266,160,,,20,0
90,90,125,267,20,,,2,0
90,90,125,268,20,,,2,0
90,90,125,269,20,,,2,0
90,90,125,270,20,,,2,0
90,90,125,271,20,,,2,0
90,90,125,272,20,,,2,0
90,90,125,273,20,,,2,0
90,90,125,274,20,,,2,0
91,91,126,275,100,,,30,14
91,91,126,275,100,,,13,0
91,91,126,275,100,,,20,11
92,92,127,276,200,,,30,4
92,92,127,276,200,,,13,0
92,92,127,276,200,,,20,1
93,93,128,277,420,,,30,0
93,93,128,277,420,,,13,39
93,93,128,277,420,,,20,39
94,94,129,278,50,,,23,4
94,94,129,278,50,,,28,0
94,94,129,278,50,,,29,4
94,94,129,278,50,,,8,0
94,94,129,278,50,,,21,0
94,94,129,278,50,,,32,1
94,94,130,279,20,,,17,0
94,94,130,279,20,,,25,1
94,94,130,280,15,,,17,0
94,94,130,280,15,,,18,0
94,94,130,280,15,,,31,0
94,94,130,280,15,,,25,4
94,94,130,281,15,,,17,0
94,94,130,281,15,,,18,0
94,94,130,281,15,,,31,0
94,94,130,281,15,,,25,4
95,95,131,282,8,,,4,0
95,95,131,283,8,,,4,0
96,96,132,284,10,,,23,4
96,96,132,284,10,,,28,4
96,96,132,284,10,,,29,4
96,96,132,284,10,,,8,4
96,96,132,284,10,,,21,4
96,96,132,284,10,,,32,4
96,96,132,284,10,,,3,4
96,96,132,284,10,,,5,0
96,96,132,284,10,,,11,0
96,96,132,284,10,,,12,1
96,96,132,284,10,,,24,1
97,97,133,285,14,,,17,36
97,97,133,285,14,,,18,36
97,97,133,285,14,,,31,36
97,97,133,285,14,,,25,0
97,97,133,286,14,,,17,0
97,97,133,286,14,,,18,0
97,97,133,286,14,,,31,0
97,97,133,286,14,,,25,4
97,97,133,287,14,,,22,0
97,97,133,287,14,,,2,4
97,97,133,288,14,,,22,0
97,97,133,288,14,,,2,4
98,98,134,289,72,,,23,0
98,98,134,289,72,,,29,0
98,98,134,289,72,,,30,4
98,98,134,289,72,,,13,4
98,98,134,289,72,,,20,4
98,98,135,290,18,,,17,0
98,98,135,290,18,,,22,0
98,98,135,290,18,,,18,40
98,98,135,290,18,,,2,4
98,98,135,290,18,,,25,4
98,98,135,291,18,,,17,0
98,98,135,291,18,,,22,0
98,98,135,291,18,,,18,40
98,98,135,291,18,,,2,4
98,98,135,291,18,,,25,4
98,98,135,292,18,,,17,0
98,98,135,292,18,,,22,0
98,98,135,292,18,,,18,40
98,98,135,292,18,,,2,4
98,98,135,292,18,,,25,4
98,98,135,293,18,,,17,0
98,98,135,293,18,,,22,0
98,98,135,293,18,,,18,40
98,98,135,293,18,,,2,4
98,98,135,293,18,,,25,4
99,99,136,294,400,,,30,0
99,99,136,294,400,,,13,0
100,100,137,295,30,,,23,4
100,100,137,295,30,,,28,0
100,100,137,295,30,,,29,4
100,100,137,295,30,,,8,0
100,100,137,295,30,,,21,0
100,100,137,295,30,,,32,4
100,100,137,295,30,,,3,0
100,100,137,295,30,,,12,0
100,100,137,295,30,,,24,0
101,101,138,296,25,,,23,4
101,101,138,296,25,,,28,0
101,101,138,296,25,,,29,4
101,101,138,296,25,,,8,0
101,101,138,296,25,,,21,0
101,101,138,296,25,,,32,4
101,101,138,296,25,,,3,0
101,101,138,296,25,,,12,0
101,101,138,296,25,,,24,0
102,102,139,297,200,,,30,14
102,102,139,297,200,,,13,0
102,102,139,297,200,,,20,11
103,103,140,298,40,,,23,4
103,103,140,298,40,,,28,0
103,103,140,298,40,,,29,4
103,103,140,298,40,,,8,0
103,103,140,298,40,,,21,0
103,103,140,298,40,,,32,4
103,103,140,298,40,,,3,0
103,103,140,298,40,,,12,0
103,103,140,298,40,,,24,0
104,104,141,299,12,,,16,0
104,104,141,300,12,,,16,0
105,105,142,301,34,,,23,44
105,105,142,301,34,,,28,0
105,105,142,301,34,,,29,44
105,105,142,301,34,,,8,40
105,105,142,301,34,,,21,40
105,105,142,301,34,,,32,44
105,105,142,301,34,,,3,40
105,105,142,301,34,,,12,40
105,105,142,301,34,,,24,40
106,106,143,302,12,,,16,0
106,106,143,303,12,,,16,0
107,107,144,304,12,,,16,0
107,107,144,305,12,,,16,0
108,108,145,306,180,,,30,4
108,108,145,306,180,,,13,0
108,108,145,306,180,,,20,1
108,108,146,307,15,,,17,0
108,108,146,307,15,,,18,0
108,108,146,307,15,,,31,0
108,108,146,307,15,,,25,4
108,108,146,308,15,,,17,0
108,108,146,308,15,,,18,0
108,108,146,308,15,,,31,0
108,108,146,308,15,,,25,4
108,108,146,309,15,,,17,0
108,108,146,309,15,,,18,0
108,108,146,309,15,,,31,0
108,108,146,309,15,,,25,4
108,108,146,310,15,,,17,0
108,108,146,310,15,,,18,0
108,108,146,310,15,,,31,0
108,108,146,310,15,,,25,4
108,108,146,311,15,,,17,0
108,108,146,311,15,,,18,0
108,108,146,311,15,,,31,0
108,108,146,311,15,,,25,4
108,108,146,312,15,,,17,0
108,108,146,312,15,,,18,0
108,108,146,312,15,,,31,0
108,108,146,312,15,,,25,4
108,108,146,313,15,,,17,0
108,108,146,313,15,,,18,0
108,108,146,313,15,,,31,0
108,108,146,313,15,,,25,4
108,108,146,314,15,,,17,0
108,108,146,314,15,,,18,0
108,108,146,314,15,,,31,0
108,108,146,314,15,,,25,4
108,108,146,315,15,,,17,0
108,108,146,315,15,,,18,0
108,108,146,315,15,,,31,0
108,108,146,315,15,,,25,4
108,108,146,316,15,,,17,0
108,108,146,316,15,,,18,0
108,108,146,316,15,,,31,0
108,108,146,316,15,,,25,4
108,108,146,317,15,,,17,0
108,108,146,317,15,,,18,0
108,108,146,317,15,,,31,0
108,108,146,317,15,,,25,4
108,108,146,318,15,,,17,0
108,108,146,318,15,,,18,0
108,108,146,318,15,,,31,0
108,108,146,318,15,,,25,4
109,109,147,319,50,,,20,0
109,109,148,320,50,,,23,40
109,109,148,320,50,,,28,36
109,109,148,320,50,,,29,40
109,109,148,320,50,,,8,36
109,109,148,320,50,,,21,36
109,109,148,320,50,,,32,37
109,109,148,320,50,,,30,40
109,109,148,320,50,,,13,40
109,109,148,320,50,,,20,0
110,110,149,321,180,,,23,0
110,110,149,321,180,,,29,40
110,110,149,321,180,,,32,39
110,110,149,321,180,,,30,43
110,110,149,321,180,,,13,43
110,110,149,321,180,,,20,43
111,111,150,322,200,,,30,43
111,111,150,322,200,,,13,39
111,111,150,322,200,,,20,0
112,112,151,323,15,,,28,0
113,113,152,324,30,,,23,4
113,113,152,324,30,,,28,0
113,113,152,324,30,,,29,4
113,113,152,324,30,,,8,0
113,113,152,324,30,,,21,0
113,113,152,324,30,,,32,4
113,113,152,324,30,,,3,0
113,113,152,324,30,,,12,0
113,113,152,324,30,,,24,0
114,114,153,325,250,,,30,83
114,114,153,325,250,,,13,39
114,114,153,325,250,,,20,0
115,115,154,326,25,,,23,4
115,115,154,326,25,,,28,0
115,115,154,326,25,,,29,4
115,115,154,326,25,,,8,0
115,115,154,326,25,,,21,0
115,115,154,326,25,,,32,1
115,115,154,326,25,,,3,0
115,115,155,327,25,,,23,4
115,115,155,327,25,,,28,0
115,115,155,327,25,,,29,4
115,115,155,327,25,,,8,0
115,115,155,327,25,,,21,0
115,115,155,327,25,,,32,4
115,115,155,327,25,,,3,0
115,115,155,327,25,,,12,0
115,115,155,327,25,,,24,0
116,116,156,328,10,,,17,0
116,116,156,328,10,,,18,0
116,116,156,328,10,,,31,0
116,116,156,328,10,,,25,4
116,116,156,329,10,,,17,0
116,116,156,329,10,,,18,0
116,116,156,329,10,,,31,0
116,116,156,329,10,,,25,4
116,116,156,330,10,,,17,0
116,116,156,330,10,,,18,0
116,116,156,330,10,,,31,0
116,116,156,330,10,,,25,4
116,116,156,331,10,,,17,0
116,116,156,331,10,,,18,0
116,116,156,331,10,,,31,0
116,116,156,331,10,,,25,4
116,116,156,332,10,,,17,0
116,116,156,332,10,,,18,0
116,116,156,332,10,,,31,0
116,116,156,332,10,,,25,4
117,117,157,333,200,,,30,4
117,117,157,333,200,,,13,0
117,117,157,333,200,,,20,1
117,117,158,334,40,,,2,0
117,117,158,335,40,,,2,0
117,117,158,336,40,,,2,0
117,117,158,337,40,,,2,0
117,117,158,338,40,,,2,0
118,118,159,339,10,,,4,0
119,119,160,340,15,,,1,0
120,120,161,341,10,,,26,0
120,120,161,342,10,,,26,0
121,121,162,343,20,,,17,0
121,121,162,343,20,,,25,1
122,122,163,344,16,,,34,0
123,123,164,345,170,,,30,1
123,123,164,345,170,,,20,0
123,123,165,346,19,,,17,10
123,123,165,346,19,,,18,0
123,123,165,346,19,,,31,0
123,123,165,346,19,,,25,14
123,123,165,347,18,,,17,10
123,123,165,347,18,,,18,0
123,123,165,347,18,,,31,0
123,123,165,347,18,,,25,14
123,123,165,348,18,,,17,10
123,123,165,348,18,,,18,0
123,123,165,348,18,,,31,0
123,123,165,348,18,,,25,14
123,123,165,349,18,,,17,0
123,123,165,349,18,,,18,0
123,123,165,349,18,,,31,0
123,123,165,349,18,,,25,4
123,123,165,350,15,,,17,0
123,123,165,350,15,,,18,0
123,123,165,350,15,,,31,0
123,123,165,350,15,,,25,4
123,123,165,351,18,,,17,0
123,123,165,351,18,,,18,0
123,123,165,351,18,,,31,0
123,123,165,351,18,,,25,4
123,123,165,352,16,,,17,0
123,123,165,352,16,,,18,0
123,123,165,352,16,,,31,0
123,123,165,352,16,,,25,4
123,123,165,353,19,,,17,0
123,123,165,353,19,,,18,0
123,123,165,353,19,,,31,0
123,123,165,353,19,,,25,4
123,123,165,354,19,,,17,0
123,123,165,354,19,,,18,0
123,123,165,354,19,,,31,0
123,123,165,354,19,,,25,4
123,123,165,355,20,,,17,0
123,123,165,355,20,,,18,0
123,123,165,355,20,,,31,0
123,123,165,355,20,,,25,4
124,124,166,356,10,,,23,4
124,124,166,356,10,,,28,4
124,124,166,356,10,,,29,4
124,124,166,356,10,,,8,4
124,124,166,356,10,,,21,4
124,124,166,356,10,,,32,4
124,124,166,356,10,,,3,4
124,124,166,356,10,,,5,0
124,124,166,356,10,,,11,0
124,124,166,356,10,,,12,1
124,124,166,356,10,,,24,1
125,125,167,357,100,,,30,4
125,125,167,357,100,,,13,0
125,125,167,357,100,,,20,1
126,126,168,358,30,,,23,4
126,126,168,358,30,,,28,0
126,126,168,358,30,,,29,4
126,126,168,358,30,,,8,0
126,126,168,358,30,,,21,0
126,126,168,358,30,,,32,4
126,126,168,358,30,,,3,0
126,126,168,358,30,,,12,0
126,126,168,358,30,,,24,0
127,127,169,359,10,,,15,0
128,128,170,360,10,,,4,0
129,129,171,361,10,,,4,0
130,130,172,362,10,,,4,0
131,131,173,363,70,,,23,0
131,131,173,363,70,,,29,0
131,131,173,363,70,,,30,4
131,131,173,363,70,,,13,4
131,131,173,363,70,,,20,4
132,132,174,364,51,,,23,4
132,132,174,364,51,,,28,0
132,132,174,364,51,,,29,4
132,132,174,364,51,,,8,0
132,132,174,364,51,,,21,0
132,132,174,364,51,,,32,1
132,132,174,364,51,,,3,0
132,132,175,365,15,,,9,0
132,132,175,366,18,,,9,0
132,132,175,367,18,,,9,0
133,133,176,368,20,,,8,0
133,133,176,369,22,,,8,0
133,133,176,370,20,,,8,0
133,133,177,371,20,,368,8,0
133,133,177,372,22,,369,8,0
133,133,177,373,20,,370,8,0
133,133,178,374,20,,371,8,0
133,133,178,375,22,,372,8,0
133,133,178,376,20,,373,8,0
133,133,179,377,20,,374,8,0
133,133,179,378,22,,375,8,0
133,133,179,379,20,,376,8,0
133,133,180,380,20,,377,8,0
133,133,180,381,22,,378,8,0
133,133,180,382,20,,379,8,0
133,133,181,383,20,,380,8,0
133,133,181,384,22,,381,8,0
133,133,181,385,20,,382,8,0
134,134,182,386,109,,,13,0
134,134,183,387,37,,,2,0
134,134,183,388,37,,,2,0
134,134,183,389,35,,,2,0
135,135,184,390,15,,,35,0
135,135,184,391,15,,,35,0
136,136,185,392,28,,,8,0
136,136,186,393,28,,392,8,0
136,136,187,394,28,,393,8,0
136,136,188,395,28,,394,8,0
136,136,189,396,28,,395,8,0
136,136,190,397,28,,396,8,0
137,137,191,398,56,,,30,43
137,137,191,398,56,,,13,39
137,137,191,398,56,,,20,0
137,137,192,399,28,,,17,39
137,137,192,399,28,,,22,39
137,137,192,399,28,,,2,43
137,137,192,399,28,,,25,0
137,137,192,400,28,,,17,39
137,137,192,400,28,,,22,39
137,137,192,400,28,,,2,43
137,137,192,400,28,,,25,0
138,138,193,401,60,,,23,1
138,138,193,401,60,,,29,1
138,138,193,401,60,,,32,0
138,138,193,401,60,,,30,4
138,138,193,401,60,,,13,4
138,138,193,401,60,,,20,4
138,138,194,402,20,,,23,4
138,138,194,402,20,,,28,0
138,138,194,402,20,,,29,4
138,138,194,402,20,,,8,0
138,138,194,402,20,,,21,0
138,138,194,402,20,,,32,1
138,138,194,403,20,,,23,4
138,138,194,403,20,,,28,0
138,138,194,403,20,,,29,4
138,138,194,403,20,,,8,0
138,138,194,403,20,,,21,0
138,138,194,403,20,,,32,1
138,138,194,404,20,,,23,4
138,138,194,404,20,,,28,0
138,138,194,404,20,,,29,4
138,138,194,404,20,,,8,0
138,138,194,404,20,,,21,0
138,138,194,404,20,,,32,1
139,139,195,405,30,,,23,4
139,139,195,405,30,,,28,0
139,139,195,405,30,,,29,4
139,139,195,405,30,,,8,0
139,139,195,405,30,,,21,0
139,139,195,405,30,,,32,4
139,139,195,405,30,,,3,0
139,139,195,405,30,,,12,0
139,139,195,405,30,,,24,0
139,139,195,405,30,,,30,4
139,139,195,405,30,,,13,4
139,139,195,405,30,,,20,4
139,139,196,406,30,,405,23,4
139,139,196,406,30,,405,28,0
139,139,196,406,30,,405,29,4
139,139,196,406,30,,405,8,0
139,139,196,406,30,,405,21,0
139,139,196,406,30,,405,32,4
139,139,196,406,30,,405,3,0
139,139,196,406,30,,405,12,0
139,139,196,406,30,,405,24,0
139,139,196,406,30,,405,30,4
139,139,196,406,30,,405,13,4
139,139,196,406,30,,405,20,4
139,139,197,407,30,,406,23,4
139,139,197,407,30,,406,28,0
139,139,197,407,30,,406,29,4
139,139,197,407,30,,406,8,0
139,139,197,407,30,,406,21,0
139,139,197,407,30,,406,32,4
139,139,197,407,30,,406,3,0
139,139,197,407,30,,406,12,0
139,139,197,407,30,,406,24,0
139,139,197,407,30,,406,30,4
139,139,197,407,30,,406,13,4
139,139,197,407,30,,406,20,4
139,139,198,408,30,,407,23,4
139,139,198,408,30,,407,28,0
139,139,198,408,30,,407,29,4
139,139,198,408,30,,407,8,0
139,139,198,408,30,,407,21,0
139,139,198,408,30,,407,32,4
139,139,198,408,30,,407,3,0
139,139,198,408,30,,407,12,0
139,139,198,408,30,,407,24,0
139,139,198,408,30,,407,30,4
139,139,198,408,30,,407,13,4
139,139,198,408,30,,407,20,4
139,139,199,409,30,,408,23,4
139,139,199,409,30,,408,28,0
139,139,199,409,30,,408,29,4
139,139,199,409,30,,408,8,0
139,139,199,409,30,,408,21,0
139,139,199,409,30,,408,32,4
139,139,199,409,30,,408,3,0
139,139,199,409,30,,408,12,0
139,139,199,409,30,,408,24,0
139,139,199,409,30,,408,30,4
139,139,199,409,30,,408,13,4
139,139,199,409,30,,408,20,4
139,139,200,410,30,,409,23,4
139,139,200,410,30,,409,28,0
139,139,200,410,30,,409,29,4
139,139,200,410,30,,409,8,0
139,139,200,410,30,,409,21,0
139,139,200,410,30,,409,32,4
139,139,200,410,30,,409,3,0
139,139,200,410,30,,409,12,0
139,139,200,410,30,,409,24,0
139,139,200,410,30,,409,30,4
139,139,200,410,30,,409,13,4
139,139,200,410,30,,409,20,4
139,139,201,411,30,,410,23,4
139,139,201,411,30,,410,28,0
139,139,201,411,30,,410,29,4
139,139,201,411,30,,410,8,0
139,139,201,411,30,,410,21,0
139,139,201,411,30,,410,32,4
139,139,201,411,30,,410,3,0
139,139,201,411,30,,410,12,0
139,139,201,411,30,,410,24,0
139,139,201,411,30,,410,30,4
139,139,201,411,30,,410,13,4
139,139,201,411,30,,410,20,4
139,139,202,412,30,,411,23,4
139,139,202,412,30,,411,28,0
139,139,202,412,30,,411,29,4
139,139,202,412,30,,411,8,0
139,139,202,412,30,,411,21,0
139,139,202,412,30,,411,32,4
139,139,202,412,30,,411,3,0
139,139,202,412,30,,411,12,0
139,139,202,412,30,,411,24,0
139,139,202,412,30,,411,30,4
139,139,202,412,30,,411,13,4
139,139,202,412,30,,411,20,4
140,140,203,413,30,,,23,4
140,140,203,413,30,,,28,0
140,140,203,413,30,,,29,4
140,140,203,413,30,,,8,0
140,140,203,413,30,,,21,0
140,140,203,413,30,,,32,4
140,140,203,413,30,,,3,0
140,140,203,413,30,,,12,0
140,140,203,413,30,,,24,0
140,140,203,414,30,,,23,4
140,140,203,414,30,,,28,0
140,140,203,414,30,,,29,4
140,140,203,414,30,,,8,0
140,140,203,414,30,,,21,0
140,140,203,414,30,,,32,4
140,140,203,414,30,,,3,0
140,140,203,414,30,,,12,0
140,140,203,414,30,,,24,0
140,140,203,415,30,,,23,4
140,140,203,415,30,,,28,0
140,140,203,415,30,,,29,4
140,140,203,415,30,,,8,0
140,140,203,415,30,,,21,0
140,140,203,415,30,,,32,4
140,140,203,415,30,,,3,0
140,140,203,415,30,,,12,0
140,140,203,415,30,,,24,0
141,141,204,416,25,,,23,44
141,141,204,416,25,,,28,0
141,141,204,416,25,,,29,44
141,141,204,416,25,,,8,0
141,141,204,416,25,,,21,0
141,141,204,416,25,,,32,44
141,141,204,416,25,,,3,40
141,141,204,416,25,,,12,40
141,141,204,416,25,,,24,40
141,141,205,417,25,,,23,4
141,141,205,417,25,,,28,0
141,141,205,417,25,,,29,4
141,141,205,417,25,,,8,0
141,141,205,417,25,,,21,0
142,142,206,418,15,,,17,0
142,142,206,418,15,,,22,0
142,142,206,418,15,,,18,0
142,142,206,418,15,,,31,0
142,142,206,418,15,,,2,4
142,142,206,418,15,,,25,4
143,143,207,419,12,,,7,0
143,143,207,420,12,,,7,0
143,143,207,421,12,,,7,0
144,144,208,422,54,,,23,1
144,144,208,422,54,,,29,1
144,144,208,422,54,,,32,0
145,145,209,423,40,,,23,4
145,145,209,423,40,,,28,0
145,145,209,423,40,,,29,4
145,145,209,423,40,,,8,0
145,145,209,423,40,,,21,0
145,145,209,423,40,,,32,1
146,146,210,424,104,,,23,0
146,146,210,424,104,,,29,0
146,146,210,424,104,,,30,14
146,146,210,424,104,,,13,14
146,146,210,424,104,,,20,14
146,146,211,425,23,,,17,0
146,146,211,425,23,,,18,0
146,146,211,425,23,,,31,0
146,146,211,425,23,,,25,4
146,146,211,426,27,,,17,0
146,146,211,426,27,,,18,0
146,146,211,426,27,,,31,0
146,146,211,426,27,,,25,4
146,146,211,427,27,,,17,0
146,146,211,427,27,,,23,4
146,146,211,427,27,,,28,4
146,146,211,427,27,,,29,4
146,146,211,427,27,,,8,4
146,146,211,427,27,,,21,4
146,146,211,427,27,,,18,0
146,146,211,427,27,,,31,0
146,146,211,427,27,,,32,4
146,146,211,427,27,,,25,4
146,146,211,427,27,,,3,4
146,146,211,427,27,,,5,4
146,146,211,427,27,,,11,4
146,146,211,427,27,,,12,4
146,146,211,427,27,,,24,4
146,146,211,428,27,,,23,4
146,146,211,428,27,,,28,4
146,146,211,428,27,,,29,4
146,146,211,428,27,,,8,4
146,146,211,428,27,,,21,4
146,146,211,428,27,,,32,4
146,146,211,428,27,,,3,4
146,146,211,428,27,,,5,0
146,146,211,428,27,,,11,0
146,146,211,428,27,,,12,1
146,146,211,428,27,,,24,1
147,147,212,429,60,,,23,1
147,147,212,429,60,,,29,1
147,147,212,429,60,,,32,0
148,148,213,430,30,,,23,4
148,148,213,430,30,,,28,0
148,148,213,430,30,,,29,4
148,148,213,430,30,,,8,0
148,148,213,430,30,,,21,0
148,148,213,430,30,,,32,4
148,148,213,430,30,,,3,0
148,148,213,430,30,,,12,0
148,148,213,430,30,,,24,0
148,148,213,430,30,,,30,4
148,148,213,430,30,,,13,4
148,148,213,430,30,,,20,4
148,148,214,431,30,,430,23,4
148,148,214,431,30,,430,28,0
148,148,214,431,30,,430,29,4
148,148,214,431,30,,430,8,0
148,148,214,431,30,,430,21,0
148,148,214,431,30,,430,32,4
148,148,214,431,30,,430,3,0
148,148,214,431,30,,430,12,0
148,148,214,431,30,,430,24,0
148,148,214,431,30,,430,30,4
148,148,214,431,30,,430,13,4
148,148,214,431,30,,430,20,4
148,148,215,432,30,,431,23,4
148,148,215,432,30,,431,28,0
148,148,215,432,30,,431,29,4
148,148,215,432,30,,431,8,0
148,148,215,432,30,,431,21,0
148,148,215,432,30,,431,32,4
148,148,215,432,30,,431,3,0
148,148,215,432,30,,431,12,0
148,148,215,432,30,,431,24,0
148,148,215,432,30,,431,30,4
148,148,215,432,30,,431,13,4
148,148,215,432,30,,431,20,4
148,148,216,433,30,,432,23,4
148,148,216,433,30,,432,28,0
148,148,216,433,30,,432,29,4
148,148,216,433,30,,432,8,0
148,148,216,433,30,,432,21,0
148,148,216,433,30,,432,32,4
148,148,216,433,30,,432,3,0
148,148,216,433,30,,432,12,0
148,148,216,433,30,,432,24,0
148,148,216,433,30,,432,30,4
148,148,216,433,30,,432,13,4
148,148,216,433,30,,432,20,4
149,149,217,434,30,,,13,0
150,150,219,436,12,,,7,0
151,151,220,437,60,,,23,1
151,151,220,437,60,,,29,1
151,151,220,437,60,,,32,0
151,151,220,437,60,,,30,4
151,151,220,437,60,,,13,4
151,151,220,437,60,,,20,4
151,151,221,438,15,,,17,36
151,151,221,438,15,,,18,36
151,151,221,438,15,,,31,36
151,151,221,438,15,,,25,0
151,151,221,439,15,,,17,36
151,151,221,439,15,,,18,36
151,151,221,439,15,,,31,36
151,151,221,439,15,,,25,0
151,151,221,440,15,,,17,36
151,151,221,440,15,,,18,36
151,151,221,440,15,,,31,36
151,151,221,440,15,,,25,0
151,151,221,441,15,,,17,36
151,151,221,441,15,,,18,36
151,151,221,441,15,,,31,36
151,151,221,441,15,,,25,0
152,152,222,442,20,,,23,4
152,152,222,442,20,,,28,4
152,152,222,442,20,,,29,4
152,152,222,442,20,,,8,4
152,152,222,442,20,,,21,4
152,152,222,442,20,,,32,4
152,152,222,442,20,,,3,4
152,152,222,442,20,,,5,0
152,152,222,442,20,,,11,0
152,152,222,442,20,,,12,1
152,152,222,442,20,,,24,1
152,152,223,443,20,,,17,0
152,152,223,443,20,,,18,0
152,152,223,443,20,,,31,0
152,152,223,443,20,,,25,4
153,153,224,444,30,,,23,4
153,153,224,444,30,,,28,4
153,153,224,444,30,,,29,4
153,153,224,444,30,,,8,4
153,153,224,444,30,,,21,4
153,153,224,444,30,,,32,4
153,153,224,444,30,,,3,4
153,153,224,444,30,,,5,0
153,153,224,444,30,,,11,0
153,153,224,444,30,,,12,1
153,153,224,444,30,,,24,1
154,154,225,445,12,,,16,0
154,154,225,446,12,,,16,0
155,155,226,447,30,,,23,4
155,155,226,447,30,,,28,0
155,155,226,447,30,,,29,4
155,155,226,447,30,,,8,0
155,155,226,447,30,,,21,0
155,155,226,447,30,,,32,4
155,155,226,447,30,,,3,0
155,155,226,447,30,,,12,0
155,155,226,447,30,,,24,0
156,156,227,448,48,,,23,0
156,156,227,448,48,,,29,0
156,156,227,448,48,,,32,9
156,156,227,448,48,,,30,13
156,156,227,448,48,,,13,13
156,156,227,448,48,,,20,13
156,156,228,449,24,,,25,0
156,156,228,450,24,,,25,0
156,157,230,452,22,,,23,14
156,157,230,452,22,,,28,4
156,157,230,452,22,,,29,14
156,157,230,452,22,,,8,4
156,157,230,452,22,,,21,4
156,157,230,452,22,,,32,14
156,157,230,452,22,,,3,14
156,157,230,452,22,,,5,0
156,157,230,452,22,,,11,10
156,157,230,452,22,,,12,11
156,157,230,452,22,,,24,11
157,158,231,453,20,,,23,4
157,158,231,453,20,,,28,4
157,158,231,453,20,,,29,4
157,158,231,453,20,,,8,4
157,158,231,453,20,,,21,4
157,158,231,453,20,,,32,4
157,158,231,453,20,,,3,4
157,158,231,453,20,,,5,0
157,158,231,453,20,,,11,0
157,158,231,453,20,,,12,1
157,158,231,453,20,,,24,1
157,158,231,453,20,,,30,4
157,158,231,453,20,,,13,4
157,158,231,453,20,,,20,4
157,158,232,454,20,,453,23,4
157,158,232,454,20,,453,28,4
157,158,232,454,20,,453,29,4
157,158,232,454,20,,453,8,4
157,158,232,454,20,,453,21,4
157,158,232,454,20,,453,32,4
157,158,232,454,20,,453,3,4
157,158,232,454,20,,453,5,0
157,158,232,454,20,,453,11,0
157,158,232,454,20,,453,12,1
157,158,232,454,20,,453,24,1
157,158,232,454,20,,453,30,4
157,158,232,454,20,,453,13,4
157,158,232,454,20,,453,20,4
157,158,233,455,20,,454,23,4
157,158,233,455,20,,454,28,4
157,158,233,455,20,,454,29,4
157,158,233,455,20,,454,8,4
157,158,233,455,20,,454,21,4
157,158,233,455,20,,454,32,4
157,158,233,455,20,,454,3,4
157,158,233,455,20,,454,5,0
157,158,233,455,20,,454,11,0
157,158,233,455,20,,454,12,1
157,158,233,455,20,,454,24,1
157,158,233,455,20,,454,30,4
157,158,233,455,20,,454,13,4
157,158,233,455,20,,454,20,4
157,158,234,456,20,,455,23,4
157,158,234,456,20,,455,28,4
157,158,234,456,20,,455,29,4
157,158,234,456,20,,455,8,4
157,158,234,456,20,,455,21,4
157,158,234,456,20,,455,32,4
157,158,234,456,20,,455,3,4
157,158,234,456,20,,455,5,0
157,158,234,456,20,,455,11,0
157,158,234,456,20,,455,12,1
157,158,234,456,20,,455,24,1
157,158,234,456,20,,455,30,4
157,158,234,456,20,,455,13,4
157,158,234,456,20,,455,20,4
158,159,235,457,70,,,23,0
158,159,235,457,70,,,29,0
158,159,235,457,70,,,30,4
158,159,235,457,70,,,13,4
158,159,235,457,70,,,20,4
158,159,236,458,35,,,2,0
158,159,236,459,35,,,2,0
159,160,237,460,15,,,23,4
159,160,237,460,15,,,28,4
159,160,237,460,15,,,29,4
159,160,237,460,15,,,8,4
159,160,237,460,15,,,21,4
159,160,237,460,15,,,32,4
159,160,237,460,15,,,3,4
159,160,237,460,15,,,5,0
159,160,237,460,15,,,11,0
159,160,237,460,15,,,12,1
159,160,237,460,15,,,24,1
160,161,238,461,10,,,6,0
160,161,238,461,10,,,15,0
161,162,239,462,120,,,23,0
161,162,239,462,120,,,29,0
161,162,239,462,120,,,30,4
161,162,239,462,120,,,13,4
161,162,239,462,120,,,20,4
161,162,240,463,20,,462,23,4
161,162,240,463,20,,462,28,4
161,162,240,463,20,,462,29,4
161,162,240,463,20,,462,8,4
161,162,240,463,20,,462,21,4
161,162,240,463,20,,462,32,4
161,162,240,463,20,,462,3,4
161,162,240,463,20,,462,5,0
161,162,240,463,20,,462,11,0
161,162,240,463,20,,462,12,1
161,162,240,463,20,,462,24,1
161,162,240,464,20,,462,23,4
161,162,240,464,20,,462,28,4
161,162,240,464,20,,462,29,4
161,162,240,464,20,,462,8,4
161,162,240,464,20,,462,21,4
161,162,240,464,20,,462,32,4
161,162,240,464,20,,462,3,4
161,162,240,464,20,,462,5,0
161,162,240,464,20,,462,11,0
161,162,240,464,20,,462,12,1
161,162,240,464,20,,462,24,1
161,162,240,465,20,,462,23,44
161,162,240,465,20,,462,28,44
161,162,240,465,20,,462,29,44
161,162,240,465,20,,462,8,44
161,162,240,465,20,,462,21,44
161,162,240,465,20,,462,32,44
161,162,240,465,20,,462,3,44
161,162,240,465,20,,462,5,0
161,162,240,465,20,,462,11,40
161,162,240,465,20,,462,12,41
161,162,240,465,20,,462,24,1
161,162,240,466,20,,462,23,44
161,162,240,466,20,,462,28,44
161,162,240,466,20,,462,29,44
161,162,240,466,20,,462,8,44
161,162,240,466,20,,462,21,44
161,162,240,466,20,,462,32,44
161,162,240,466,20,,462,3,44
161,162,240,466,20,,462,5,0
161,162,240,466,20,,462,11,40
161,162,240,466,20,,462,12,41
161,162,240,466,20,,462,24,1
161,162,240,467,20,,462,23,4
161,162,240,467,20,,462,28,4
161,162,240,467,20,,462,29,4
161,162,240,467,20,,462,8,4
161,162,240,467,20,,462,21,4
161,162,240,467,20,,462,32,4
161,162,240,467,20,,462,3,4
161,162,240,467,20,,462,5,0
161,162,240,467,20,,462,11,0
161,162,240,467,20,,462,12,1
161,162,240,467,20,,462,24,1
161,162,240,468,20,,462,23,4
161,162,240,468,20,,462,28,4
161,162,240,468,20,,462,29,4
161,162,240,468,20,,462,8,4
161,162,240,468,20,,462,21,4
161,162,240,468,20,,462,32,4
161,162,240,468,20,,462,3,4
161,162,240,468,20,,462,5,0
161,162,240,468,20,,462,11,0
161,162,240,468,20,,462,12,1
161,162,240,468,20,,462,24,1
162,163,241,469,40,,,23,4
162,163,241,469,40,,,28,0
162,163,241,469,40,,,29,4
162,163,241,469,40,,,8,0
162,163,241,469,40,,,21,0
162,163,241,469,40,,,30,4
162,163,241,469,40,,,13,4
162,163,241,469,40,,,20,4
163,164,242,470,122,,,30,4
163,164,242,470,122,,,13,0
163,164,242,470,122,,,20,1
164,165,243,471,40,,,8,0
165,166,244,472,24,,,12,0
165,166,244,473,24,,,12,0
165,166,244,474,24,,,23,3
165,166,244,474,24,,,28,3
165,166,244,474,24,,,29,3
165,166,244,474,24,,,8,3
165,166,244,474,24,,,21,3
165,166,244,474,24,,,32,43
165,166,244,474,24,,,3,43
165,166,244,474,24,,,5,39
165,166,244,474,24,,,11,39
165,166,244,474,24,,,12,0
165,166,244,474,24,,,24,40
165,166,244,475,24,,,23,3
165,166,244,475,24,,,28,3
165,166,244,475,24,,,29,3
165,166,244,475,24,,,8,3
165,166,244,475,24,,,21,3
165,166,244,475,24,,,32,43
165,166,244,475,24,,,3,43
165,166,244,475,24,,,5,39
165,166,244,475,24,,,11,39
165,166,244,475,24,,,12,0
165,166,244,475,24,,,24,40
165,166,244,476,24,,,23,3
165,166,244,476,24,,,28,3
165,166,244,476,24,,,29,3
165,166,244,476,24,,,8,3
165,166,244,476,24,,,21,3
165,166,244,476,24,,,32,43
165,166,244,476,24,,,3,43
165,166,244,476,24,,,5,39
165,166,244,476,24,,,11,39
165,166,244,476,24,,,12,0
165,166,244,476,24,,,24,40
165,166,244,477,24,,,23,3
165,166,244,477,24,,,28,3
165,166,244,477,24,,,29,3
165,166,244,477,24,,,8,3
165,166,244,477,24,,,21,3
165,166,244,477,24,,,32,43
165,166,244,477,24,,,3,43
165,166,244,477,24,,,5,39
165,166,244,477,24,,,11,39
165,166,244,477,24,,,12,0
165,166,244,477,24,,,24,40
165,166,244,478,24,,,23,3
165,166,244,478,24,,,28,3
165,166,244,478,24,,,29,3
165,166,244,478,24,,,8,3
165,166,244,478,24,,,21,3
165,166,244,478,24,,,32,43
165,166,244,478,24,,,3,43
165,166,244,478,24,,,5,39
165,166,244,478,24,,,11,39
165,166,244,478,24,,,12,0
165,166,244,478,24,,,24,40
165,166,244,479,24,,,23,4
165,166,244,479,24,,,28,0
165,166,244,479,24,,,29,4
165,166,244,479,24,,,8,0
165,166,244,479,24,,,21,0
165,166,244,480,24,,,23,4
165,166,244,480,24,,,28,0
165,166,244,480,24,,,29,4
165,166,244,480,24,,,8,0
165,166,244,480,24,,,21,0
165,166,244,481,24,,,23,4
165,166,244,481,24,,,28,0
165,166,244,481,24,,,29,4
165,166,244,481,24,,,8,0
165,166,244,481,24,,,21,0
165,166,244,482,24,,,23,4
165,166,244,482,24,,,28,0
165,166,244,482,24,,,29,4
165,166,244,482,24,,,8,0
165,166,244,482,24,,,21,0
165,166,244,483,24,,,23,4
165,166,244,483,24,,,28,0
165,166,244,483,24,,,29,4
165,166,244,483,24,,,8,0
165,166,244,483,24,,,21,0
165,166,244,484,24,,,23,4
165,166,244,484,24,,,28,0
165,166,244,484,24,,,29,4
165,166,244,484,24,,,8,0
165,166,244,484,24,,,21,0
165,166,244,485,24,,,23,4
165,166,244,485,24,,,28,0
165,166,244,485,24,,,29,4
165,166,244,485,24,,,8,0
165,166,244,485,24,,,21,0
165,166,244,486,24,,,23,4
165,166,244,486,24,,,28,0
165,166,244,486,24,,,29,4
165,166,244,486,24,,,8,0
165,166,244,486,24,,,21,0
165,166,244,487,24,,,23,4
165,166,244,487,24,,,28,0
165,166,244,487,24,,,29,4
165,166,244,487,24,,,8,0
165,166,244,487,24,,,21,0
166,167,245,488,15,,,23,4
166,167,245,488,15,,,28,0
166,167,245,488,15,,,29,4
166,167,245,488,15,,,8,0
166,167,245,488,15,,,21,0
166,167,245,489,15,,,23,4
166,167,245,489,15,,,28,0
166,167,245,489,15,,,29,4
166,167,245,489,15,,,8,0
166,167,245,489,15,,,21,0
167,168,246,490,140,,,30,4
167,168,246,490,140,,,13,0
167,168,246,490,140,,,20,1
168,169,247,491,20,,,8,0
169,170,248,492,15,,,23,4
169,170,248,492,15,,,28,4
169,170,248,492,15,,,29,4
169,170,248,492,15,,,8,4
169,170,248,492,15,,,21,4
169,170,248,492,15,,,32,4
169,170,248,492,15,,,3,4
169,170,248,492,15,,,5,0
169,170,248,492,15,,,11,0
169,170,248,492,15,,,12,1
169,170,248,492,15,,,24,1
170,171,249,493,20,,,23,4
170,171,249,493,20,,,28,4
170,171,249,493,20,,,29,4
170,171,249,493,20,,,8,4
170,171,249,493,20,,,21,4
170,171,249,493,20,,,32,4
170,171,249,493,20,,,3,4
170,171,249,493,20,,,5,0
170,171,249,493,20,,,11,0
170,171,249,493,20,,,12,1
170,171,249,493,20,,,24,1
171,172,250,494,168,,,30,4
171,172,250,494,168,,,13,0
171,172,250,494,168,,,20,1
172,173,251,495,10,,,16,0
172,173,251,495,10,,,10,0
172,173,251,496,10,,,16,0
172,173,251,496,10,,,10,0
173,174,252,497,12,,,16,0
173,174,252,498,12,,,16,0
174,175,253,499,100,,,30,0
175,176,254,500,45,,,11,0
176,177,255,501,15,,,23,4
176,177,255,501,15,,,28,4
176,177,255,501,15,,,29,4
176,177,255,501,15,,,8,4
176,177,255,501,15,,,21,4
176,177,255,501,15,,,32,4
176,177,255,501,15,,,3,4
176,177,255,501,15,,,5,0
176,177,255,501,15,,,11,0
176,177,255,501,15,,,12,1
176,177,255,501,15,,,24,1
177,178,256,502,12,,,16,0
177,178,256,503,12,,,16,0
178,179,257,504,12,,,11,0
178,179,257,505,12,,,11,0
178,179,257,506,12,,,11,0
179,180,258,507,20,,,23,4
179,180,258,507,20,,,28,4
179,180,258,507,20,,,29,4
179,180,258,507,20,,,8,4
179,180,258,507,20,,,21,4
179,180,258,507,20,,,32,4
179,180,258,507,20,,,3,4
179,180,258,507,20,,,5,0
179,180,258,507,20,,,11,0
179,180,258,507,20,,,12,1
179,180,258,507,20,,,24,1
180,181,259,508,35,,,28,0
181,182,261,510,16,,,23,4
181,182,261,510,16,,,28,0
181,182,261,510,16,,,29,4
181,182,261,510,16,,,8,0
181,182,261,510,16,,,21,0
182,183,262,511,20,,,8,0
183,184,263,512,12,,,16,100
183,184,263,512,12,,,11,0
183,184,263,513,12,,,16,100
183,184,263,513,12,,,11,0
184,185,264,514,20,,,23,4
184,185,264,514,20,,,28,4
184,185,264,514,20,,,29,4
184,185,264,514,20,,,8,4
184,185,264,514,20,,,21,4
184,185,264,514,20,,,32,4
184,185,264,514,20,,,3,4
184,185,264,514,20,,,5,0
184,185,264,514,20,,,11,0
184,185,264,514,20,,,12,1
184,185,264,514,20,,,24,1
185,186,265,515,20,,,23,4
185,186,265,515,20,,,28,0
185,186,265,515,20,,,29,4
185,186,265,515,20,,,8,0
185,186,265,515,20,,,21,0
186,187,266,516,25,,,23,4
186,187,266,516,25,,,28,4
186,187,266,516,25,,,29,4
186,187,266,516,25,,,8,4
186,187,266,516,25,,,21,4
186,187,266,516,25,,,32,4
186,187,266,516,25,,,3,4
186,187,266,516,25,,,5,0
186,187,266,516,25,,,11,0
186,187,266,516,25,,,12,1
186,187,266,516,25,,,24,1
