course_id;config_id;subpart_id;class_id;class_limit;room_id;room_penalty
1;1;1;1;20;26;4
1;1;1;1;20;30;0
1;1;1;1;20;31;4
1;1;1;1;20;11;0
1;1;1;1;20;24;0
1;1;1;1;20;15;0
2;2;2;2;30;6;0
2;2;2;3;30;6;0
3;3;3;4;20;26;4
3;3;3;4;20;30;4
3;3;3;4;20;31;4
3;3;3;4;20;11;4
3;3;3;4;20;24;4
3;3;3;4;20;34;4
3;3;3;4;20;3;4
3;3;3;4;20;5;0
3;3;3;4;20;14;0
3;3;3;4;20;15;1
3;3;3;4;20;27;1
4;4;4;5;200;32;0
4;4;5;6;25;26;4
4;4;5;6;25;30;4
4;4;5;6;25;31;4
4;4;5;6;25;11;4
4;4;5;6;25;24;4
4;4;5;6;25;34;4
4;4;5;6;25;3;4
4;4;5;6;25;5;0
4;4;5;6;25;14;0
4;4;5;6;25;15;1
4;4;5;6;25;27;1
4;4;5;7;25;26;4
4;4;5;7;25;30;4
4;4;5;7;25;31;4
4;4;5;7;25;11;4
4;4;5;7;25;24;4
4;4;5;7;25;34;4
4;4;5;7;25;3;4
4;4;5;7;25;5;0
4;4;5;7;25;14;0
4;4;5;7;25;15;1
4;4;5;7;25;27;1
4;4;5;8;25;26;4
4;4;5;8;25;30;4
4;4;5;8;25;31;4
4;4;5;8;25;11;4
4;4;5;8;25;24;4
4;4;5;8;25;34;4
4;4;5;8;25;3;4
4;4;5;8;25;5;0
4;4;5;9;25;26;4
4;4;5;9;25;30;4
4;4;5;9;25;31;4
4;4;5;9;25;11;4
4;4;5;9;25;24;4
4;4;5;9;25;34;4
4;4;5;9;25;3;4
4;4;5;9;25;5;0
4;4;5;10;25;26;4
4;4;5;10;25;30;4
4;4;5;10;25;31;4
4;4;5;10;25;11;4
4;4;5;10;25;24;4
4;4;5;10;25;34;4
4;4;5;10;25;3;4
4;4;5;10;25;5;0
4;4;5;10;25;14;10
4;4;5;10;25;15;11
4;4;5;10;25;27;11
4;4;5;11;25;26;4
4;4;5;11;25;30;4
4;4;5;11;25;31;4
4;4;5;11;25;11;4
4;4;5;11;25;24;4
4;4;5;11;25;34;4
4;4;5;11;25;3;4
4;4;5;11;25;5;0
4;4;5;11;25;14;0
4;4;5;11;25;15;1
4;4;5;11;25;27;1
4;4;5;12;25;26;4
4;4;5;12;25;30;4
4;4;5;12;25;31;4
4;4;5;12;25;11;4
4;4;5;12;25;24;4
4;4;5;12;25;34;4
4;4;5;12;25;3;4
4;4;5;12;25;5;0
4;4;5;12;25;14;0
4;4;5;12;25;15;1
4;4;5;12;25;27;1
4;4;5;13;25;26;4
4;4;5;13;25;30;4
4;4;5;13;25;31;4
4;4;5;13;25;11;4
4;4;5;13;25;24;4
4;4;5;13;25;34;4
4;4;5;13;25;3;4
4;4;5;13;25;5;0
4;4;5;13;25;14;0
4;4;5;13;25;15;1
4;4;5;13;25;27;1
5;5;6;14;105;32;4
5;5;6;14;105;16;0
5;5;6;14;105;23;1
5;5;7;15;35;26;4
5;5;7;15;35;30;0
5;5;7;15;35;31;4
5;5;7;15;35;11;0
5;5;7;15;35;24;0
5;5;7;15;35;34;4
5;5;7;15;35;3;0
5;5;7;15;35;15;0
5;5;7;15;35;27;0
5;5;7;16;35;26;4
5;5;7;16;35;30;0
5;5;7;16;35;31;4
5;5;7;16;35;11;0
5;5;7;16;35;24;0
5;5;7;16;35;34;4
5;5;7;16;35;3;0
5;5;7;16;35;15;0
5;5;7;16;35;27;0
5;5;7;17;35;26;4
5;5;7;17;35;30;0
5;5;7;17;35;31;4
5;5;7;17;35;11;0
5;5;7;17;35;24;0
5;5;7;17;35;34;4
5;5;7;17;35;3;0
5;5;7;17;35;15;0
5;5;7;17;35;27;0
6;6;8;18;20;3;4
6;6;8;18;20;5;0
7;7;9;19;20;5;0
8;8;10;20;120;16;0
9;9;11;21;12;5;0
10;10;12;22;15;10;0
11;11;13;23;25;26;4
11;11;13;23;25;30;4
11;11;13;23;25;31;4
11;11;13;23;25;11;4
11;11;13;23;25;24;4
11;11;13;23;25;34;4
11;11;13;23;25;3;4
11;11;13;23;25;5;0
11;11;13;23;25;14;0
11;11;13;23;25;15;1
11;11;13;23;25;27;1
12;12;14;24;120;16;0
13;13;15;25;15;25;0
13;13;15;25;15;2;44
14;14;16;26;32;26;4
14;14;16;26;32;30;0
14;14;16;26;32;31;4
14;14;16;26;32;11;0
14;14;16;26;32;24;0
14;14;16;26;32;34;4
14;14;16;26;32;3;0
14;14;16;26;32;15;0
14;14;16;26;32;27;0
15;15;17;27;600;32;0
15;15;17;27;600;16;0
15;15;18;28;25;26;4
15;15;18;28;25;30;0
15;15;18;28;25;31;4
15;15;18;28;25;11;0
15;15;18;28;25;24;0
15;15;18;28;25;34;1
15;15;18;29;25;30;0
15;15;18;30;25;26;4
15;15;18;30;25;30;0
15;15;18;30;25;31;4
15;15;18;30;25;11;0
15;15;18;30;25;24;0
15;15;18;30;25;34;4
15;15;18;30;25;3;0
15;15;18;30;25;15;0
15;15;18;30;25;27;0
15;15;18;31;25;26;4
15;15;18;31;25;30;0
15;15;18;31;25;31;4
15;15;18;31;25;11;0
15;15;18;31;25;24;0
15;15;18;31;25;34;4
15;15;18;31;25;3;0
15;15;18;31;25;15;0
15;15;18;31;25;27;0
15;15;18;32;25;26;4
15;15;18;32;25;30;0
15;15;18;32;25;31;4
15;15;18;32;25;11;0
15;15;18;32;25;24;0
15;15;18;32;25;34;4
15;15;18;32;25;3;0
15;15;18;32;25;15;0
15;15;18;32;25;27;0
15;15;18;33;25;26;4
15;15;18;33;25;30;0
15;15;18;33;25;31;4
15;15;18;33;25;11;0
15;15;18;33;25;24;0
15;15;18;33;25;34;4
15;15;18;33;25;3;0
15;15;18;33;25;15;0
15;15;18;33;25;27;0
15;15;18;34;25;26;4
15;15;18;34;25;30;0
15;15;18;34;25;31;4
15;15;18;34;25;11;0
15;15;18;34;25;24;0
15;15;18;34;25;34;4
15;15;18;34;25;3;0
15;15;18;34;25;15;0
15;15;18;34;25;27;0
15;15;18;35;25;26;4
15;15;18;35;25;30;0
15;15;18;35;25;31;4
15;15;18;35;25;11;0
15;15;18;35;25;24;0
15;15;18;35;25;34;1
15;15;18;36;25;26;4
15;15;18;36;25;30;0
15;15;18;36;25;31;4
15;15;18;36;25;11;0
15;15;18;36;25;24;0
15;15;18;36;25;34;4
15;15;18;36;25;3;0
15;15;18;36;25;15;0
15;15;18;36;25;27;0
15;15;18;37;25;26;4
15;15;18;37;25;30;0
15;15;18;37;25;31;4
15;15;18;37;25;11;0
15;15;18;37;25;24;0
15;15;18;37;25;34;4
15;15;18;37;25;3;0
15;15;18;37;25;15;0
15;15;18;37;25;27;0
15;15;18;38;25;26;4
15;15;18;38;25;30;0
15;15;18;38;25;31;4
15;15;18;38;25;11;0
15;15;18;38;25;24;0
15;15;18;38;25;34;4
15;15;18;38;25;3;0
15;15;18;38;25;15;0
15;15;18;38;25;27;0
15;15;18;39;25;26;4
15;15;18;39;25;30;0
15;15;18;39;25;31;4
15;15;18;39;25;11;0
15;15;18;39;25;24;0
15;15;18;39;25;34;4
15;15;18;39;25;3;0
15;15;18;39;25;15;0
15;15;18;39;25;27;0
15;15;18;40;25;26;4
15;15;18;40;25;30;0
15;15;18;40;25;31;4
15;15;18;40;25;11;0
15;15;18;40;25;24;0
15;15;18;40;25;34;4
15;15;18;40;25;3;0
15;15;18;40;25;15;0
15;15;18;40;25;27;0
15;15;18;41;25;26;4
15;15;18;41;25;30;0
15;15;18;41;25;31;4
15;15;18;41;25;11;0
15;15;18;41;25;24;0
15;15;18;41;25;34;4
15;15;18;41;25;3;0
15;15;18;41;25;15;0
15;15;18;41;25;27;0
15;15;18;42;25;26;4
15;15;18;42;25;30;0
15;15;18;42;25;31;4
15;15;18;42;25;11;0
15;15;18;42;25;24;0
15;15;18;42;25;34;4
15;15;18;42;25;3;0
15;15;18;42;25;15;0
15;15;18;42;25;27;0
15;15;18;43;20;26;4
15;15;18;43;20;30;4
15;15;18;43;20;31;4
15;15;18;43;20;11;4
15;15;18;43;20;24;4
15;15;18;43;20;34;4
15;15;18;43;20;3;4
15;15;18;43;20;5;0
15;15;18;43;20;14;0
15;15;18;43;20;15;1
15;15;18;43;20;27;1
15;15;18;44;20;26;4
15;15;18;44;20;30;4
15;15;18;44;20;31;4
15;15;18;44;20;11;4
15;15;18;44;20;24;4
15;15;18;44;20;34;4
15;15;18;44;20;3;4
15;15;18;44;20;5;0
15;15;18;44;20;14;0
15;15;18;44;20;15;1
15;15;18;44;20;27;1
15;15;18;45;24;26;4
15;15;18;45;24;30;4
15;15;18;45;24;31;4
15;15;18;45;24;11;4
15;15;18;45;24;24;4
15;15;18;45;24;34;4
15;15;18;45;24;3;4
15;15;18;45;24;5;0
15;15;18;45;24;14;0
15;15;18;45;24;15;1
15;15;18;45;24;27;1
15;15;18;46;24;26;4
15;15;18;46;24;30;4
15;15;18;46;24;31;4
15;15;18;46;24;11;4
15;15;18;46;24;24;4
15;15;18;46;24;34;4
15;15;18;46;24;3;4
15;15;18;46;24;5;0
15;15;18;46;24;14;0
15;15;18;46;24;15;1
15;15;18;46;24;27;1
15;15;18;47;20;26;4
15;15;18;47;20;30;4
15;15;18;47;20;31;4
15;15;18;47;20;11;4
15;15;18;47;20;24;4
15;15;18;47;20;34;4
15;15;18;47;20;3;4
15;15;18;47;20;5;0
15;15;18;47;20;14;0
15;15;18;47;20;15;1
15;15;18;47;20;27;1
15;15;18;48;24;26;4
15;15;18;48;24;30;4
15;15;18;48;24;31;4
15;15;18;48;24;11;4
15;15;18;48;24;24;4
15;15;18;48;24;34;4
15;15;18;48;24;3;4
15;15;18;48;24;5;0
15;15;18;48;24;14;0
15;15;18;48;24;15;1
15;15;18;48;24;27;1
15;15;18;49;24;26;4
15;15;18;49;24;30;4
15;15;18;49;24;31;4
15;15;18;49;24;11;4
15;15;18;49;24;24;4
15;15;18;49;24;34;4
15;15;18;49;24;3;4
15;15;18;49;24;5;0
15;15;18;49;24;14;0
15;15;18;49;24;15;1
15;15;18;49;24;27;1
15;15;18;50;24;26;4
15;15;18;50;24;30;4
15;15;18;50;24;31;4
15;15;18;50;24;11;4
15;15;18;50;24;24;4
15;15;18;50;24;34;4
15;15;18;50;24;3;4
15;15;18;50;24;5;0
15;15;18;50;24;14;0
15;15;18;50;24;15;1
15;15;18;50;24;27;1
15;15;18;51;24;26;4
15;15;18;51;24;30;4
15;15;18;51;24;31;4
15;15;18;51;24;11;4
15;15;18;51;24;24;4
15;15;18;51;24;34;4
15;15;18;51;24;3;4
15;15;18;51;24;5;0
15;15;18;51;24;14;0
15;15;18;51;24;15;1
15;15;18;51;24;27;1
15;15;18;52;20;26;4
15;15;18;52;20;30;4
15;15;18;52;20;31;4
15;15;18;52;20;11;4
15;15;18;52;20;24;4
15;15;18;52;20;34;4
15;15;18;52;20;3;4
15;15;18;52;20;5;0
15;15;18;52;20;14;0
15;15;18;52;20;15;1
15;15;18;52;20;27;1
15;15;18;53;20;26;4
15;15;18;53;20;30;4
15;15;18;53;20;31;4
15;15;18;53;20;11;4
15;15;18;53;20;24;4
15;15;18;53;20;34;4
15;15;18;53;20;3;4
15;15;18;53;20;5;0
15;15;18;53;20;14;0
15;15;18;53;20;15;1
15;15;18;53;20;27;1
16;16;19;54;360;32;0
16;16;20;55;51;2;0
16;16;20;56;50;2;0
16;16;20;57;51;2;0
16;16;20;58;50;2;0
16;16;20;59;52;2;0
16;16;20;60;51;2;0
16;16;20;61;31;2;0
16;16;20;62;30;2;0
17;17;21;63;319;32;0
17;17;21;63;319;23;0
17;17;22;64;31;26;4
17;17;22;64;31;30;0
17;17;22;64;31;31;4
17;17;22;64;31;11;0
17;17;22;64;31;24;0
17;17;22;64;31;34;4
17;17;22;64;31;3;0
17;17;22;64;31;15;0
17;17;22;64;31;27;0
17;17;22;65;29;26;4
17;17;22;65;29;30;0
17;17;22;65;29;31;4
17;17;22;65;29;11;0
17;17;22;65;29;24;0
17;17;22;65;29;34;4
17;17;22;65;29;3;0
17;17;22;65;29;15;0
17;17;22;65;29;27;0
17;17;22;66;29;26;4
17;17;22;66;29;30;0
17;17;22;66;29;31;4
17;17;22;66;29;11;0
17;17;22;66;29;24;0
17;17;22;66;29;34;4
17;17;22;66;29;3;0
17;17;22;66;29;15;0
17;17;22;66;29;27;0
17;17;22;67;29;26;4
17;17;22;67;29;30;0
17;17;22;67;29;31;4
17;17;22;67;29;11;0
17;17;22;67;29;24;0
17;17;22;67;29;34;4
17;17;22;67;29;3;0
17;17;22;67;29;15;0
17;17;22;67;29;27;0
17;17;22;68;29;26;4
17;17;22;68;29;30;0
17;17;22;68;29;31;4
17;17;22;68;29;11;0
17;17;22;68;29;24;0
17;17;22;68;29;34;4
17;17;22;68;29;3;0
17;17;22;68;29;15;40
17;17;22;68;29;27;40
17;17;22;69;30;26;4
17;17;22;69;30;30;0
17;17;22;69;30;31;4
17;17;22;69;30;11;0
17;17;22;69;30;24;0
17;17;22;69;30;34;4
17;17;22;69;30;3;40
17;17;22;69;30;15;40
17;17;22;69;30;27;40
17;17;22;70;30;26;4
17;17;22;70;30;30;0
17;17;22;70;30;31;4
17;17;22;70;30;11;0
17;17;22;70;30;24;0
17;17;22;70;30;34;4
17;17;22;70;30;3;40
17;17;22;70;30;15;40
17;17;22;70;30;27;40
17;17;22;71;29;26;4
17;17;22;71;29;30;0
17;17;22;71;29;31;4
17;17;22;71;29;11;0
17;17;22;71;29;24;0
17;17;22;71;29;34;4
17;17;22;71;29;3;0
17;17;22;71;29;15;0
17;17;22;71;29;27;0
17;17;22;72;29;26;4
17;17;22;72;29;30;0
17;17;22;72;29;31;4
17;17;22;72;29;11;0
17;17;22;72;29;24;0
17;17;22;72;29;34;1
17;17;22;72;29;3;0
17;17;22;73;30;26;4
17;17;22;73;30;30;0
17;17;22;73;30;31;4
17;17;22;73;30;11;0
17;17;22;73;30;24;0
17;17;22;73;30;34;4
17;17;22;73;30;3;0
17;17;22;73;30;15;0
17;17;22;73;30;27;0
17;17;22;74;30;26;4
17;17;22;74;30;30;0
17;17;22;74;30;31;4
17;17;22;74;30;11;0
17;17;22;74;30;24;0
17;17;22;74;30;34;4
17;17;22;74;30;3;0
17;17;22;74;30;15;0
17;17;22;74;30;27;0
18;18;23;75;53;26;0
18;18;23;75;53;31;0
18;18;23;75;53;32;4
18;18;23;75;53;16;4
18;18;23;75;53;23;4
18;18;24;76;27;26;4
18;18;24;76;27;30;0
18;18;24;76;27;31;4
18;18;24;76;27;11;0
18;18;24;76;27;24;0
18;18;24;76;27;34;4
18;18;24;76;27;3;10
18;18;24;76;27;15;10
18;18;24;76;27;27;10
18;18;24;77;26;26;4
18;18;24;77;26;30;0
18;18;24;77;26;31;4
18;18;24;77;26;11;0
18;18;24;77;26;24;0
18;18;24;77;26;34;4
18;18;24;77;26;3;0
18;18;24;77;26;15;0
18;18;24;77;26;27;0
19;19;25;78;30;26;4
19;19;25;78;30;30;0
19;19;25;78;30;31;4
19;19;25;78;30;11;0
19;19;25;78;30;24;0
19;19;25;78;30;34;1
19;19;25;78;30;3;0
19;19;26;79;30;26;4
19;19;26;79;30;30;0
19;19;26;79;30;31;4
19;19;26;79;30;11;0
19;19;26;79;30;24;0
19;19;26;79;30;34;1
19;19;26;79;30;3;0
20;20;27;80;600;32;0
20;20;27;80;600;16;0
20;20;27;80;600;23;0
20;20;28;81;40;26;4
20;20;28;81;40;30;4
20;20;28;81;40;31;4
20;20;28;81;40;11;4
20;20;28;81;40;24;4
20;20;28;81;40;34;4
20;20;28;81;40;3;4
20;20;28;81;40;5;0
20;20;28;81;40;14;0
20;20;28;81;40;15;1
20;20;28;81;40;27;1
20;20;28;82;40;2;0
20;20;28;83;40;2;0
20;20;28;84;40;2;0
20;20;28;85;25;20;0
20;20;28;85;25;25;0
20;20;28;85;25;21;40
20;20;28;85;25;33;40
20;20;28;85;25;2;4
20;20;28;85;25;28;4
20;20;28;86;25;20;0
20;20;28;86;25;25;0
20;20;28;86;25;21;10
20;20;28;86;25;33;10
20;20;28;86;25;2;4
20;20;28;86;25;28;4
20;20;28;87;25;20;0
20;20;28;87;25;25;0
20;20;28;87;25;21;10
20;20;28;87;25;33;10
20;20;28;87;25;2;4
20;20;28;87;25;28;4
20;20;28;88;25;20;0
20;20;28;88;25;25;0
20;20;28;88;25;21;10
20;20;28;88;25;33;10
20;20;28;88;25;2;4
20;20;28;88;25;28;4
20;20;28;89;25;20;0
20;20;28;89;25;25;0
20;20;28;89;25;21;0
20;20;28;89;25;33;10
20;20;28;89;25;2;4
20;20;28;89;25;28;4
20;20;28;90;25;20;0
20;20;28;90;25;25;0
20;20;28;90;25;21;10
20;20;28;90;25;33;10
20;20;28;90;25;2;4
20;20;28;90;25;28;4
20;20;28;91;25;20;0
20;20;28;91;25;25;0
20;20;28;91;25;21;10
20;20;28;91;25;33;10
20;20;28;91;25;2;4
20;20;28;91;25;28;4
20;20;28;92;25;20;0
20;20;28;92;25;25;0
20;20;28;92;25;21;10
20;20;28;92;25;33;10
20;20;28;92;25;2;4
20;20;28;92;25;28;4
20;20;28;93;25;20;0
20;20;28;93;25;25;0
20;20;28;93;25;21;10
20;20;28;93;25;33;10
20;20;28;93;25;2;4
20;20;28;93;25;28;4
20;20;28;94;25;20;0
20;20;28;94;25;25;0
20;20;28;94;25;21;10
20;20;28;94;25;33;10
20;20;28;94;25;2;4
20;20;28;94;25;28;4
20;20;28;95;25;20;0
20;20;28;95;25;25;10
20;20;28;95;25;21;20
20;20;28;95;25;33;20
20;20;28;95;25;2;14
20;20;28;95;25;28;14
20;20;28;96;25;20;0
20;20;28;96;25;25;0
20;20;28;96;25;21;10
20;20;28;96;25;33;10
20;20;28;96;25;2;4
20;20;28;96;25;28;4
20;20;28;97;25;20;0
20;20;28;97;25;25;0
20;20;28;97;25;21;10
20;20;28;97;25;33;10
20;20;28;97;25;2;4
20;20;28;97;25;28;4
20;20;28;98;25;20;0
20;20;28;98;25;25;0
20;20;28;98;25;21;10
20;20;28;98;25;33;10
20;20;28;98;25;2;4
20;20;28;98;25;28;4
20;20;28;99;25;20;0
20;20;28;99;25;25;0
20;20;28;99;25;21;10
20;20;28;99;25;33;10
20;20;28;99;25;2;4
20;20;28;99;25;28;4
20;20;28;100;25;20;0
20;20;28;100;25;25;0
20;20;28;100;25;21;10
20;20;28;100;25;33;10
20;20;28;100;25;2;4
20;20;28;100;25;28;4
20;20;28;101;25;20;6
20;20;28;101;25;25;6
20;20;28;101;25;21;16
20;20;28;101;25;33;16
20;20;28;101;25;2;10
20;20;28;101;25;28;0
20;20;28;102;25;20;0
20;20;28;102;25;25;0
20;20;28;102;25;21;10
20;20;28;102;25;33;10
20;20;28;102;25;2;4
20;20;28;102;25;28;4
20;20;28;103;25;20;0
20;20;28;103;25;25;0
20;20;28;103;25;21;10
20;20;28;103;25;33;10
20;20;28;103;25;2;4
20;20;28;103;25;28;4
20;20;28;104;25;20;0
20;20;28;104;25;25;0
20;20;28;104;25;21;20
20;20;28;104;25;33;20
20;20;28;104;25;2;14
20;20;28;104;25;28;14
20;20;28;105;25;20;0
20;20;28;105;25;25;0
20;20;28;105;25;21;10
20;20;28;105;25;33;10
20;20;28;105;25;2;4
20;20;28;105;25;28;4
20;20;28;106;25;20;0
20;20;28;106;25;25;0
20;20;28;106;25;21;10
20;20;28;106;25;33;10
20;20;28;106;25;2;4
20;20;28;106;25;28;4
20;20;28;107;25;20;0
20;20;28;107;25;25;0
20;20;28;107;25;21;10
20;20;28;107;25;33;10
20;20;28;107;25;2;4
20;20;28;107;25;28;4
20;20;28;108;25;20;0
20;20;28;108;25;25;0
20;20;28;108;25;21;10
20;20;28;108;25;33;10
20;20;28;108;25;2;4
20;20;28;108;25;28;4
20;20;28;109;25;20;0
20;20;28;109;25;25;0
20;20;28;109;25;21;10
20;20;28;109;25;33;10
20;20;28;109;25;2;4
20;20;28;109;25;28;4
21;21;29;110;120;32;14
21;21;29;110;120;16;0
21;21;29;110;120;23;1
21;21;30;111;25;2;4
21;21;30;111;25;28;0
21;21;30;112;25;28;0
21;21;30;113;25;2;4
21;21;30;113;25;28;0
21;21;30;114;25;2;4
21;21;30;114;25;28;0
21;21;30;115;25;2;4
21;21;30;115;25;28;0
21;21;30;116;25;2;4
21;21;30;116;25;28;0
22;22;31;117;30;26;44
22;22;31;117;30;30;40
22;22;31;117;30;31;44
22;22;31;117;30;11;40
22;22;31;117;30;24;40
22;22;31;117;30;34;44
22;22;31;117;30;3;0
22;22;31;117;30;15;0
22;22;31;117;30;27;0
23;23;32;118;80;16;0
23;23;33;119;40;26;4
23;23;33;119;40;30;0
23;23;33;119;40;31;4
23;23;33;119;40;11;0
23;23;33;119;40;24;0
23;23;33;119;40;34;1
23;23;33;119;40;3;0
23;23;33;120;40;26;4
23;23;33;120;40;30;0
23;23;33;120;40;31;4
23;23;33;120;40;11;0
23;23;33;120;40;24;0
23;23;33;120;40;34;1
23;23;33;120;40;3;0
24;24;34;121;20;26;4
24;24;34;121;20;30;4
24;24;34;121;20;31;4
24;24;34;121;20;11;4
24;24;34;121;20;24;4
24;24;34;121;20;34;4
24;24;34;121;20;3;4
24;24;34;121;20;5;0
24;24;34;121;20;14;0
24;24;34;121;20;15;1
24;24;34;121;20;27;1
25;25;35;122;190;32;4
25;25;35;122;190;16;0
25;25;35;122;190;23;1
26;26;36;123;70;26;0
26;26;36;123;70;31;0
27;27;37;124;25;2;4
27;27;37;124;25;28;0
28;28;38;125;15;26;4
28;28;38;125;15;30;4
28;28;38;125;15;31;4
28;28;38;125;15;11;4
28;28;38;125;15;24;4
28;28;38;125;15;34;4
28;28;38;125;15;3;4
28;28;38;125;15;5;0
28;28;38;125;15;14;0
28;28;38;125;15;15;1
28;28;38;125;15;27;1
29;29;39;126;60;26;4
29;29;39;126;60;30;0
29;29;39;126;60;31;4
29;29;39;126;60;11;0
29;29;39;126;60;24;0
29;29;39;126;60;34;4
29;29;39;126;60;3;0
29;29;39;126;60;15;0
29;29;39;126;60;27;0
30;30;40;127;15;20;0
30;30;40;127;15;25;0
30;30;40;127;15;21;0
30;30;40;127;15;33;0
30;30;40;127;15;2;4
30;30;40;127;15;28;4
31;31;41;128;20;26;4
31;31;41;128;20;30;4
31;31;41;128;20;31;4
31;31;41;128;20;11;4
31;31;41;128;20;24;4
31;31;41;128;20;34;4
31;31;41;128;20;3;4
31;31;41;128;20;5;0
31;31;41;128;20;14;0
31;31;41;128;20;15;1
31;31;41;128;20;27;1
32;32;42;129;50;26;1
32;32;42;129;50;31;1
32;32;42;129;50;34;0
32;32;42;129;50;32;44
32;32;42;129;50;16;44
32;32;42;129;50;23;4
32;32;43;130;25;26;4
32;32;43;130;25;30;0
32;32;43;130;25;31;4
32;32;43;130;25;11;0
32;32;43;130;25;24;0
32;32;43;130;25;34;1
32;32;43;131;25;26;4
32;32;43;131;25;30;0
32;32;43;131;25;31;4
32;32;43;131;25;11;0
32;32;43;131;25;24;0
32;32;43;131;25;34;1
33;33;44;132;40;17;0
34;34;45;133;36;26;4
34;34;45;133;36;30;0
34;34;45;133;36;31;4
34;34;45;133;36;11;0
34;34;45;133;36;24;0
34;34;45;133;36;34;4
34;34;45;133;36;3;0
34;34;45;133;36;15;0
34;34;45;133;36;27;0
35;35;46;134;15;3;4
35;35;46;134;15;5;0
36;36;47;135;15;26;4
36;36;47;135;15;30;4
36;36;47;135;15;31;4
36;36;47;135;15;11;4
36;36;47;135;15;24;4
36;36;47;135;15;34;4
36;36;47;135;15;3;4
36;36;47;135;15;5;0
36;36;47;135;15;14;0
36;36;47;135;15;15;1
36;36;47;135;15;27;1
37;37;48;136;35;26;4
37;37;48;136;35;30;0
37;37;48;136;35;31;4
37;37;48;136;35;11;0
37;37;48;136;35;24;0
37;37;48;136;35;2;1
37;37;48;136;35;34;4
37;37;48;136;35;3;0
37;37;48;136;35;15;40
37;37;48;136;35;27;40
37;37;48;136;35;32;4
37;37;48;136;35;16;4
37;37;48;136;35;23;4
37;37;49;137;35;26;4
37;37;49;137;35;30;0
37;37;49;137;35;31;4
37;37;49;137;35;11;0
37;37;49;137;35;24;0
37;37;49;137;35;2;1
37;37;49;137;35;34;4
37;37;49;137;35;3;0
37;37;49;137;35;15;40
37;37;49;137;35;27;40
37;37;49;137;35;32;4
37;37;49;137;35;16;4
37;37;49;137;35;23;4
37;37;50;138;35;26;4
37;37;50;138;35;30;0
37;37;50;138;35;31;4
37;37;50;138;35;11;0
37;37;50;138;35;24;0
37;37;50;138;35;2;1
37;37;50;138;35;34;4
37;37;50;138;35;3;0
37;37;50;138;35;15;40
37;37;50;138;35;27;40
37;37;50;138;35;32;4
37;37;50;138;35;16;4
37;37;50;138;35;23;4
37;37;51;139;35;26;4
37;37;51;139;35;30;0
37;37;51;139;35;31;4
37;37;51;139;35;11;0
37;37;51;139;35;24;0
37;37;51;139;35;2;1
37;37;51;139;35;34;4
37;37;51;139;35;3;0
37;37;51;139;35;15;40
37;37;51;139;35;27;40
37;37;51;139;35;32;4
37;37;51;139;35;16;4
37;37;51;139;35;23;4
37;37;52;140;35;26;4
37;37;52;140;35;30;0
37;37;52;140;35;31;4
37;37;52;140;35;11;0
37;37;52;140;35;24;0
37;37;52;140;35;2;1
37;37;52;140;35;34;4
37;37;52;140;35;3;0
37;37;52;140;35;15;40
37;37;52;140;35;27;40
37;37;52;140;35;32;4
37;37;52;140;35;16;4
37;37;52;140;35;23;4
37;37;53;141;35;26;4
37;37;53;141;35;30;0
37;37;53;141;35;31;4
37;37;53;141;35;11;0
37;37;53;141;35;24;0
37;37;53;141;35;2;1
37;37;53;141;35;34;4
37;37;53;141;35;3;0
37;37;53;141;35;15;40
37;37;53;141;35;27;40
37;37;53;141;35;32;4
37;37;53;141;35;16;4
37;37;53;141;35;23;4
37;37;54;142;35;26;4
37;37;54;142;35;30;0
37;37;54;142;35;31;4
37;37;54;142;35;11;0
37;37;54;142;35;24;0
37;37;54;142;35;2;1
37;37;54;142;35;34;4
37;37;54;142;35;3;0
37;37;54;142;35;15;40
37;37;54;142;35;27;40
37;37;54;142;35;32;4
37;37;54;142;35;16;4
37;37;54;142;35;23;4
37;37;55;143;35;26;4
37;37;55;143;35;30;0
37;37;55;143;35;31;4
37;37;55;143;35;11;0
37;37;55;143;35;24;0
37;37;55;143;35;2;1
37;37;55;143;35;34;4
37;37;55;143;35;3;0
37;37;55;143;35;15;40
37;37;55;143;35;27;40
37;37;55;143;35;32;4
37;37;55;143;35;16;4
37;37;55;143;35;23;4
37;37;56;144;35;18;0
38;40;60;148;50;26;1
38;40;60;148;50;31;1
38;40;60;148;50;34;0
38;40;61;149;15;21;0
38;40;61;150;18;20;0
38;40;61;151;18;20;0
39;41;62;152;20;26;4
39;41;62;152;20;30;4
39;41;62;152;20;31;4
39;41;62;152;20;11;4
39;41;62;152;20;24;4
39;41;62;152;20;34;4
39;41;62;152;20;3;4
39;41;62;152;20;5;0
39;41;62;152;20;15;1
39;41;62;152;20;27;1
39;41;63;153;20;24;0
39;41;63;153;20;34;1
40;42;64;154;100;26;0
40;42;64;154;100;31;0
40;42;64;154;100;32;4
40;42;64;154;100;16;4
40;42;64;154;100;23;4
40;42;65;155;25;26;4
40;42;65;155;25;30;0
40;42;65;155;25;31;4
40;42;65;155;25;11;0
40;42;65;155;25;24;0
40;42;65;155;25;34;4
40;42;65;155;25;3;0
40;42;65;155;25;15;0
40;42;65;155;25;27;0
40;42;65;156;25;26;4
40;42;65;156;25;30;0
40;42;65;156;25;31;4
40;42;65;156;25;11;0
40;42;65;156;25;24;0
40;42;65;156;25;34;4
40;42;65;156;25;3;0
40;42;65;156;25;15;0
40;42;65;156;25;27;0
40;42;65;157;25;26;4
40;42;65;157;25;30;0
40;42;65;157;25;31;4
40;42;65;157;25;11;0
40;42;65;157;25;24;0
40;42;65;157;25;34;4
40;42;65;157;25;3;0
40;42;65;157;25;15;0
40;42;65;157;25;27;0
40;42;65;158;25;26;4
40;42;65;158;25;30;0
40;42;65;158;25;31;4
40;42;65;158;25;11;0
40;42;65;158;25;24;0
40;42;65;158;25;34;4
40;42;65;158;25;3;0
40;42;65;158;25;15;0
40;42;65;158;25;27;0
41;43;66;159;200;32;41
41;43;66;159;200;23;0
41;43;67;160;25;26;4
41;43;67;160;25;30;0
41;43;67;160;25;31;4
41;43;67;160;25;11;0
41;43;67;160;25;24;0
41;43;67;160;25;34;4
41;43;67;160;25;3;10
41;43;67;160;25;15;10
41;43;67;160;25;27;10
41;43;67;161;25;26;4
41;43;67;161;25;30;0
41;43;67;161;25;31;4
41;43;67;161;25;11;0
41;43;67;161;25;24;0
41;43;67;161;25;34;4
41;43;67;161;25;3;10
41;43;67;161;25;15;10
41;43;67;161;25;27;10
41;43;67;162;25;26;4
41;43;67;162;25;30;0
41;43;67;162;25;31;4
41;43;67;162;25;11;0
41;43;67;162;25;24;0
41;43;67;162;25;34;4
41;43;67;162;25;3;10
41;43;67;162;25;15;10
41;43;67;162;25;27;10
41;43;67;163;25;26;4
41;43;67;163;25;30;0
41;43;67;163;25;31;4
41;43;67;163;25;11;0
41;43;67;163;25;24;0
41;43;67;163;25;34;4
41;43;67;163;25;3;10
41;43;67;163;25;15;10
41;43;67;163;25;27;10
41;43;67;164;25;26;14
41;43;67;164;25;30;10
41;43;67;164;25;31;14
41;43;67;164;25;11;10
41;43;67;164;25;24;10
41;43;67;164;25;34;14
41;43;67;164;25;3;10
41;43;67;164;25;15;0
41;43;67;164;25;27;10
41;43;67;165;25;26;14
41;43;67;165;25;30;10
41;43;67;165;25;31;14
41;43;67;165;25;11;10
41;43;67;165;25;24;10
41;43;67;165;25;34;14
41;43;67;165;25;3;10
41;43;67;165;25;15;0
41;43;67;165;25;27;10
41;43;67;166;25;26;4
41;43;67;166;25;30;0
41;43;67;166;25;31;4
41;43;67;166;25;11;0
41;43;67;166;25;24;0
41;43;67;166;25;34;4
41;43;67;166;25;3;0
41;43;67;166;25;15;0
41;43;67;166;25;27;0
41;43;67;167;25;26;4
41;43;67;167;25;30;0
41;43;67;167;25;31;4
41;43;67;167;25;11;0
41;43;67;167;25;24;0
41;43;67;167;25;34;4
41;43;67;167;25;3;0
41;43;67;167;25;15;0
41;43;67;167;25;27;0
42;44;68;168;50;26;0
42;44;68;168;50;31;0
42;44;69;169;20;20;0
42;44;69;169;20;25;0
42;44;69;169;20;21;0
42;44;69;169;20;33;0
42;44;69;170;20;20;0
42;44;69;170;20;25;0
42;44;69;170;20;21;0
42;44;69;170;20;33;0
42;44;69;171;20;20;0
42;44;69;171;20;25;0
42;44;69;171;20;21;0
42;44;69;171;20;33;0
43;45;70;172;100;32;4
43;45;70;172;100;16;0
43;45;70;172;100;23;1
43;45;71;173;25;26;4
43;45;71;173;25;30;0
43;45;71;173;25;31;4
43;45;71;173;25;11;0
43;45;71;173;25;24;0
43;45;71;173;25;34;4
43;45;71;173;25;3;0
43;45;71;173;25;15;0
43;45;71;173;25;27;0
43;45;71;174;25;26;4
43;45;71;174;25;30;0
43;45;71;174;25;31;4
43;45;71;174;25;11;0
43;45;71;174;25;24;0
43;45;71;174;25;34;4
43;45;71;174;25;3;0
43;45;71;174;25;15;0
43;45;71;174;25;27;0
43;45;71;175;25;26;4
43;45;71;175;25;30;0
43;45;71;175;25;31;4
43;45;71;175;25;11;0
43;45;71;175;25;24;0
43;45;71;175;25;34;4
43;45;71;175;25;3;0
43;45;71;175;25;15;0
43;45;71;175;25;27;0
43;45;71;176;25;26;4
43;45;71;176;25;30;0
43;45;71;176;25;31;4
43;45;71;176;25;11;0
43;45;71;176;25;24;0
43;45;71;176;25;34;4
43;45;71;176;25;3;0
43;45;71;176;25;15;0
43;45;71;176;25;27;0
44;46;72;177;18;24;0
44;46;72;177;18;34;1
44;46;73;178;18;20;40
44;46;73;178;18;25;0
44;46;73;178;18;2;44
45;47;75;180;29;24;0
45;47;75;180;29;34;1
45;47;75;181;29;24;0
45;47;75;181;29;34;1
45;47;75;182;29;24;0
45;47;75;182;29;34;1
45;47;75;183;29;24;0
45;47;75;183;29;34;1
45;47;75;184;29;24;0
45;47;75;184;29;34;1
45;47;75;185;29;24;0
45;47;75;185;29;34;1
45;47;75;186;29;24;0
45;47;75;186;29;34;1
45;47;75;187;29;24;0
45;47;75;187;29;34;1
45;47;75;188;29;24;0
45;47;75;188;29;34;1
45;47;75;189;29;24;0
45;47;75;189;29;34;1
45;47;75;190;29;24;0
45;47;75;190;29;34;1
45;47;75;191;29;24;0
45;47;75;191;29;34;1
45;47;75;192;29;24;0
45;47;75;192;29;34;1
45;47;75;193;29;24;0
45;47;75;193;29;34;1
45;47;75;194;29;26;4
45;47;75;194;29;30;0
45;47;75;194;29;31;4
45;47;75;194;29;11;0
45;47;75;194;29;24;0
45;47;75;194;29;34;4
45;47;75;194;29;3;0
45;47;75;194;29;15;0
45;47;75;194;29;27;0
46;48;76;195;124;32;1
46;48;76;195;124;23;0
46;48;77;196;18;24;0
46;48;77;196;18;34;1
46;48;77;197;22;24;0
46;48;77;197;22;34;1
46;48;77;198;21;24;0
46;48;77;198;21;34;1
46;48;77;199;21;24;0
46;48;77;199;21;34;1
46;48;77;200;21;24;0
46;48;77;200;21;34;1
46;48;77;201;21;24;0
46;48;77;201;21;34;1
47;49;78;202;322;32;0
47;49;79;203;27;24;0
47;49;79;203;27;34;1
47;49;79;204;27;24;0
47;49;79;204;27;34;1
47;49;79;205;27;24;0
47;49;79;205;27;34;1
47;49;79;206;27;24;0
47;49;79;206;27;34;1
47;49;79;207;27;24;0
47;49;79;207;27;34;1
47;49;79;208;27;24;0
47;49;79;208;27;34;1
47;49;79;209;27;24;0
47;49;79;209;27;34;1
47;49;79;210;27;24;0
47;49;79;210;27;34;1
47;49;79;211;27;24;0
47;49;79;211;27;34;1
47;49;79;212;27;24;0
47;49;79;212;27;34;1
47;49;79;213;27;24;0
47;49;79;213;27;34;1
47;49;79;214;27;24;0
47;49;79;214;27;34;1
48;50;80;215;77;26;6
48;50;80;215;77;31;6
48;50;80;215;77;32;10
48;50;80;215;77;16;0
48;50;80;215;77;23;10
48;50;81;216;77;32;0
48;50;81;216;77;23;0
48;50;82;217;26;24;0
48;50;82;217;26;34;1
48;50;82;218;26;24;0
48;50;82;218;26;34;1
48;50;82;219;26;24;0
48;50;82;219;26;34;1
49;51;83;220;28;26;4
49;51;83;220;28;30;0
49;51;83;220;28;31;4
49;51;83;220;28;11;0
49;51;83;220;28;24;0
49;51;83;220;28;34;4
49;51;83;220;28;3;0
49;51;83;220;28;15;0
49;51;83;220;28;27;0
49;51;84;221;28;26;4
49;51;84;221;28;30;0
49;51;84;221;28;31;4
49;51;84;221;28;11;0
49;51;84;221;28;24;0
49;51;84;221;28;34;4
49;51;84;221;28;3;0
49;51;84;221;28;15;0
49;51;84;221;28;27;0
49;51;85;222;28;24;0
49;51;85;222;28;34;1
50;52;86;223;39;26;4
50;52;86;223;39;30;0
50;52;86;223;39;31;4
50;52;86;223;39;11;0
50;52;86;223;39;24;0
50;52;86;223;39;34;1
50;52;86;223;39;3;40
50;52;87;224;20;24;0
50;52;87;224;20;34;1
50;52;87;225;20;24;0
50;52;87;225;20;34;1
51;53;88;226;30;26;4
51;53;88;226;30;30;0
51;53;88;226;30;31;4
51;53;88;226;30;11;0
51;53;88;226;30;24;0
51;53;88;226;30;34;1
51;53;88;226;30;3;0
52;54;89;227;30;26;4
52;54;89;227;30;30;0
52;54;89;227;30;31;4
52;54;89;227;30;11;0
52;54;89;227;30;24;0
53;55;90;228;220;32;1
53;55;90;228;220;23;0
54;56;91;229;56;26;4
54;56;91;229;56;30;0
54;56;91;229;56;31;4
54;56;91;229;56;11;0
54;56;91;229;56;24;0
54;56;91;229;56;34;1
54;56;91;229;56;32;4
54;56;91;229;56;16;4
54;56;91;229;56;23;4
55;57;92;230;18;20;40
55;57;92;230;18;25;0
55;57;92;230;18;2;4
55;57;92;230;18;28;41
56;58;93;231;25;28;0
57;59;94;232;10;22;0
58;60;95;233;30;26;4
58;60;95;233;30;30;0
58;60;95;233;30;31;4
58;60;95;233;30;11;0
58;60;95;233;30;24;0
58;60;95;233;30;34;4
58;60;95;233;30;3;0
58;60;95;233;30;15;0
58;60;95;233;30;27;0
58;60;95;233;30;32;4
58;60;95;233;30;16;4
58;60;95;233;30;23;4
59;61;96;234;96;26;6
59;61;96;234;96;31;6
59;61;96;234;96;32;0
59;61;96;234;96;16;0
59;61;96;234;96;23;0
59;61;97;235;24;26;4
59;61;97;235;24;30;0
59;61;97;235;24;31;4
59;61;97;235;24;11;0
59;61;97;235;24;24;0
59;61;97;235;24;34;1
59;61;97;236;24;26;4
59;61;97;236;24;30;0
59;61;97;236;24;31;4
59;61;97;236;24;11;0
59;61;97;236;24;24;0
59;61;97;236;24;34;1
59;61;97;237;24;26;4
59;61;97;237;24;30;0
59;61;97;237;24;31;4
59;61;97;237;24;11;0
59;61;97;237;24;24;0
59;61;97;237;24;34;1
59;61;97;238;24;26;4
59;61;97;238;24;30;0
59;61;97;238;24;31;4
59;61;97;238;24;11;0
59;61;97;238;24;24;0
59;61;97;238;24;34;1
60;62;98;239;150;32;4
60;62;98;239;150;16;0
60;62;98;239;150;23;1
61;63;99;240;25;26;4
61;63;99;240;25;30;0
61;63;99;240;25;31;4
61;63;99;240;25;11;0
61;63;99;240;25;24;0
61;63;99;240;25;34;4
61;63;99;240;25;3;0
61;63;99;240;25;15;0
61;63;99;240;25;27;0
62;64;100;241;300;32;1
62;64;100;241;300;23;0
63;65;101;242;45;26;1
63;65;101;242;45;31;1
63;65;101;242;45;34;0
63;65;102;243;15;20;0
63;65;102;243;15;21;0
63;65;102;243;15;33;0
63;65;102;243;15;28;4
63;65;102;244;15;20;0
63;65;102;244;15;21;0
63;65;102;244;15;33;0
63;65;102;244;15;28;4
63;65;102;245;15;20;0
63;65;102;245;15;21;0
63;65;102;245;15;33;0
63;65;102;245;15;28;4
64;66;103;246;15;26;44
64;66;103;246;15;30;44
64;66;103;246;15;31;44
64;66;103;246;15;11;44
64;66;103;246;15;24;44
64;66;103;246;15;34;44
64;66;103;246;15;3;44
64;66;103;246;15;5;40
64;66;103;246;15;14;0
64;66;103;246;15;15;1
64;66;103;246;15;27;1
65;67;104;247;182;16;0
65;67;104;247;182;23;1
65;67;105;248;32;2;0
65;67;105;249;28;2;0
65;67;105;250;31;2;0
65;67;105;251;31;2;0
65;67;105;252;32;2;0
65;67;105;253;31;2;0
66;68;106;254;15;26;4
66;68;106;254;15;30;4
66;68;106;254;15;31;4
66;68;106;254;15;11;4
66;68;106;254;15;24;4
66;68;106;254;15;34;4
66;68;106;254;15;3;4
66;68;106;254;15;5;0
66;68;106;254;15;14;0
66;68;106;254;15;15;1
66;68;106;254;15;27;1
67;69;107;255;25;26;4
67;69;107;255;25;30;0
67;69;107;255;25;31;4
67;69;107;255;25;24;0
67;69;107;255;25;34;1
68;70;108;256;20;5;0
68;70;109;257;20;28;0
69;71;110;258;10;4;0
70;72;111;259;10;26;4
70;72;111;259;10;30;4
70;72;111;259;10;31;4
70;72;111;259;10;11;4
70;72;111;259;10;24;4
70;72;111;259;10;34;4
70;72;111;259;10;3;4
70;72;111;259;10;5;0
70;72;111;259;10;14;0
70;72;111;259;10;15;1
70;72;111;259;10;27;1
71;73;112;260;39;26;4
71;73;112;260;39;30;0
71;73;112;260;39;31;4
71;73;112;260;39;11;0
71;73;112;260;39;24;0
72;74;113;261;5;9;0
73;75;114;262;40;26;4
73;75;114;262;40;30;0
73;75;114;262;40;31;4
73;75;114;262;40;11;0
73;75;114;262;40;24;0
74;76;115;263;36;26;4
74;76;115;263;36;30;0
74;76;115;263;36;31;4
74;76;115;263;36;11;0
74;76;115;263;36;24;0
74;76;115;263;36;34;1
74;76;115;263;36;3;0
74;76;116;264;12;4;0
74;76;116;265;12;4;0
74;76;116;266;12;4;0
75;77;117;267;41;26;4
75;77;117;267;41;30;0
75;77;117;267;41;31;4
75;77;117;267;41;11;0
75;77;117;267;41;24;0
75;77;117;267;41;34;11
75;77;117;267;41;3;10
75;77;118;268;18;12;0
75;77;118;269;14;12;0
75;77;118;270;12;12;0
76;78;119;271;87;26;0
76;78;119;271;87;31;0
77;79;120;272;18;26;4
77;79;120;272;18;30;4
77;79;120;272;18;31;4
77;79;120;272;18;11;4
77;79;120;272;18;24;4
77;79;120;272;18;34;4
77;79;120;272;18;3;4
77;79;120;272;18;5;0
77;79;120;272;18;14;0
77;79;120;272;18;15;1
77;79;120;272;18;27;1
77;79;121;273;18;25;0
77;79;121;273;18;2;4
78;80;122;274;25;26;4
78;80;122;274;25;30;0
78;80;122;274;25;31;4
78;80;122;274;25;11;0
78;80;122;274;25;24;0
78;80;122;274;25;34;1
78;80;123;275;25;28;0
79;81;124;276;400;16;0
79;81;124;276;400;23;0
80;82;125;277;50;26;4
80;82;125;277;50;30;0
80;82;125;277;50;31;4
80;82;125;277;50;11;0
80;82;125;277;50;24;0
80;82;125;277;50;34;41
81;83;126;278;270;32;0
81;83;127;279;15;20;0
81;83;127;279;15;26;4
81;83;127;279;15;30;4
81;83;127;279;15;31;4
81;83;127;279;15;11;4
81;83;127;279;15;24;4
81;83;127;279;15;21;0
81;83;127;279;15;33;0
81;83;127;279;15;34;4
81;83;127;279;15;28;4
81;83;127;279;15;3;4
81;83;127;279;15;5;4
81;83;127;279;15;14;4
81;83;127;279;15;15;4
81;83;127;279;15;27;4
81;83;127;280;15;20;0
81;83;127;280;15;26;4
81;83;127;280;15;30;4
81;83;127;280;15;31;4
81;83;127;280;15;11;4
81;83;127;280;15;24;4
81;83;127;280;15;21;0
81;83;127;280;15;33;0
81;83;127;280;15;34;4
81;83;127;280;15;28;4
81;83;127;280;15;3;4
81;83;127;280;15;5;4
81;83;127;280;15;14;4
81;83;127;280;15;15;4
81;83;127;280;15;27;4
81;83;127;281;15;20;0
81;83;127;282;15;21;0
81;83;127;282;15;33;0
81;83;127;282;15;28;4
81;83;127;283;15;20;0
81;83;127;283;15;26;4
81;83;127;283;15;30;4
81;83;127;283;15;31;4
81;83;127;283;15;11;4
81;83;127;283;15;24;4
81;83;127;283;15;21;0
81;83;127;283;15;33;0
81;83;127;283;15;34;4
81;83;127;283;15;28;4
81;83;127;283;15;3;4
81;83;127;283;15;5;4
81;83;127;283;15;14;4
81;83;127;283;15;15;4
81;83;127;283;15;27;4
81;83;127;284;15;20;0
81;83;127;284;15;26;4
81;83;127;284;15;30;4
81;83;127;284;15;31;4
81;83;127;284;15;11;4
81;83;127;284;15;24;4
81;83;127;284;15;21;0
81;83;127;284;15;33;0
81;83;127;284;15;34;4
81;83;127;284;15;28;4
81;83;127;284;15;3;4
81;83;127;284;15;5;4
81;83;127;284;15;14;4
81;83;127;284;15;15;4
81;83;127;284;15;27;4
81;83;127;285;15;20;0
81;83;127;285;15;21;0
81;83;127;285;15;33;0
81;83;127;285;15;28;4
81;83;127;286;15;20;0
81;83;127;286;15;21;0
81;83;127;286;15;33;0
81;83;127;286;15;28;4
81;83;127;287;15;20;0
81;83;127;287;15;21;0
81;83;127;287;15;33;0
81;83;127;287;15;28;4
81;83;127;288;15;20;0
81;83;127;288;15;21;0
81;83;127;288;15;33;0
81;83;127;288;15;28;4
81;83;127;289;15;20;0
81;83;127;289;15;21;0
81;83;127;289;15;33;0
81;83;127;289;15;28;4
81;83;127;290;15;20;0
81;83;127;290;15;21;0
81;83;127;290;15;33;0
81;83;127;290;15;28;4
81;83;127;291;15;20;0
81;83;127;291;15;21;0
81;83;127;291;15;33;0
81;83;127;291;15;28;4
81;83;127;292;15;20;0
81;83;127;292;15;21;0
81;83;127;292;15;33;0
81;83;127;292;15;28;4
81;83;127;293;15;20;0
81;83;127;293;15;21;0
81;83;127;293;15;33;0
81;83;127;293;15;28;4
81;83;127;294;15;20;0
81;83;127;294;15;21;0
81;83;127;294;15;33;0
81;83;127;294;15;28;4
81;83;127;295;15;20;0
81;83;127;295;15;21;0
81;83;127;295;15;33;0
81;83;127;295;15;28;4
81;83;127;296;15;20;0
81;83;127;296;15;26;4
81;83;127;296;15;30;4
81;83;127;296;15;31;4
81;83;127;296;15;11;4
81;83;127;296;15;24;4
81;83;127;296;15;21;0
81;83;127;296;15;33;0
81;83;127;296;15;34;4
81;83;127;296;15;28;4
81;83;127;296;15;3;4
81;83;127;296;15;5;4
81;83;127;296;15;14;4
81;83;127;296;15;15;4
81;83;127;296;15;27;4
82;84;128;297;60;26;0
82;84;128;297;60;31;0
82;84;128;297;60;32;44
82;84;128;297;60;16;44
82;84;128;297;60;23;44
83;85;129;298;72;32;43
83;85;129;298;72;16;39
83;85;129;298;72;23;0
83;85;130;299;24;28;0
83;85;130;300;24;28;0
83;85;130;301;24;28;0
84;86;131;302;15;26;4
84;86;131;302;15;30;4
84;86;131;302;15;31;4
84;86;131;302;15;11;4
84;86;131;302;15;24;4
84;86;131;302;15;34;4
84;86;131;302;15;3;4
84;86;131;302;15;5;0
84;86;131;302;15;14;0
84;86;131;302;15;15;1
84;86;131;302;15;27;1
85;87;132;303;50;26;4
85;87;132;303;50;30;0
85;87;132;303;50;31;4
85;87;132;303;50;11;0
85;87;132;303;50;24;0
85;87;132;303;50;34;1
86;88;133;304;15;26;4
86;88;133;304;15;30;4
86;88;133;304;15;31;4
86;88;133;304;15;11;4
86;88;133;304;15;24;4
86;88;133;304;15;34;4
86;88;133;304;15;3;4
86;88;133;304;15;5;0
86;88;133;304;15;14;0
86;88;133;304;15;15;1
86;88;133;304;15;27;1
87;89;134;305;500;32;0
87;89;134;305;500;16;0
87;89;134;305;500;23;0
88;90;135;306;520;32;0
88;90;135;306;520;23;0
88;90;136;307;40;26;4
88;90;136;307;40;30;0
88;90;136;307;40;31;4
88;90;136;307;40;11;0
88;90;136;307;40;24;0
88;90;136;307;40;34;1
88;90;136;308;40;26;4
88;90;136;308;40;30;0
88;90;136;308;40;31;4
88;90;136;308;40;11;0
88;90;136;308;40;24;0
88;90;136;308;40;34;1
88;90;136;309;40;26;4
88;90;136;309;40;30;0
88;90;136;309;40;31;4
88;90;136;309;40;11;0
88;90;136;309;40;24;0
88;90;136;309;40;34;1
88;90;136;310;40;26;4
88;90;136;310;40;30;0
88;90;136;310;40;31;4
88;90;136;310;40;11;0
88;90;136;310;40;24;0
88;90;136;310;40;34;1
88;90;136;311;40;26;4
88;90;136;311;40;30;0
88;90;136;311;40;31;4
88;90;136;311;40;11;0
88;90;136;311;40;24;0
88;90;136;311;40;34;1
88;90;136;312;40;26;4
88;90;136;312;40;30;0
88;90;136;312;40;31;4
88;90;136;312;40;11;0
88;90;136;312;40;24;0
88;90;136;312;40;34;1
88;90;136;313;40;26;4
88;90;136;313;40;30;0
88;90;136;313;40;31;4
88;90;136;313;40;11;0
88;90;136;313;40;24;0
88;90;136;313;40;34;1
88;90;136;314;40;26;4
88;90;136;314;40;30;0
88;90;136;314;40;31;4
88;90;136;314;40;11;0
88;90;136;314;40;24;0
88;90;136;314;40;34;1
88;90;136;315;40;26;4
88;90;136;315;40;30;0
88;90;136;315;40;31;4
88;90;136;315;40;11;0
88;90;136;315;40;24;0
88;90;136;315;40;34;1
88;90;136;316;40;26;4
88;90;136;316;40;30;0
88;90;136;316;40;31;4
88;90;136;316;40;11;0
88;90;136;316;40;24;0
88;90;136;316;40;34;1
88;90;136;317;40;26;0
88;90;136;317;40;31;0
88;90;136;318;40;26;4
88;90;136;318;40;30;0
88;90;136;318;40;31;4
88;90;136;318;40;11;0
88;90;136;318;40;24;0
88;90;136;318;40;34;1
88;90;136;319;40;26;4
88;90;136;319;40;30;0
88;90;136;319;40;31;4
88;90;136;319;40;11;0
88;90;136;319;40;24;0
88;90;136;319;40;34;1
89;91;137;320;232;32;1
89;91;137;320;232;23;0
89;91;138;321;47;2;0
89;91;138;322;47;2;0
89;91;138;323;47;2;0
89;91;138;324;47;2;0
89;91;138;325;44;21;0
89;91;138;325;44;33;0
89;91;139;326;232;32;3
89;91;139;326;232;16;39
89;91;139;326;232;23;0
90;92;140;327;195;32;1
90;92;140;327;195;23;0
90;92;140;328;195;32;1
90;92;140;328;195;23;0
90;92;141;329;15;20;0
90;92;141;329;15;25;0
90;92;141;329;15;21;0
90;92;141;329;15;33;0
90;92;141;329;15;2;4
90;92;141;329;15;28;4
90;92;141;330;15;20;0
90;92;141;330;15;25;0
90;92;141;330;15;21;0
90;92;141;330;15;33;0
90;92;141;330;15;2;4
90;92;141;330;15;28;4
90;92;141;331;15;20;0
90;92;141;331;15;25;0
90;92;141;331;15;21;0
90;92;141;331;15;33;0
90;92;141;331;15;2;4
90;92;141;331;15;28;4
90;92;141;332;15;20;0
90;92;141;332;15;25;0
90;92;141;332;15;21;0
90;92;141;332;15;33;0
90;92;141;332;15;2;4
90;92;141;332;15;28;4
90;92;141;333;15;20;0
90;92;141;333;15;25;0
90;92;141;333;15;21;0
90;92;141;333;15;33;0
90;92;141;333;15;2;4
90;92;141;333;15;28;4
90;92;141;334;15;20;0
90;92;141;334;15;25;0
90;92;141;334;15;21;0
90;92;141;334;15;33;0
90;92;141;334;15;2;4
90;92;141;334;15;28;4
90;92;141;335;15;20;0
90;92;141;335;15;25;0
90;92;141;335;15;21;0
90;92;141;335;15;33;0
90;92;141;335;15;2;4
90;92;141;335;15;28;4
90;92;141;336;15;20;0
90;92;141;336;15;25;0
90;92;141;336;15;21;0
90;92;141;336;15;33;0
90;92;141;336;15;2;4
90;92;141;336;15;28;4
90;92;141;337;15;25;0
90;92;141;337;15;2;4
90;92;141;338;15;25;0
90;92;141;338;15;2;4
90;92;141;339;15;20;0
90;92;141;339;15;25;0
90;92;141;339;15;21;0
90;92;141;339;15;33;0
90;92;141;339;15;2;4
90;92;141;339;15;28;4
90;92;141;340;15;25;0
90;92;141;340;15;2;4
90;92;141;341;15;25;0
90;92;141;342;15;20;0
90;92;141;342;15;25;0
90;92;141;342;15;21;0
90;92;141;342;15;33;0
90;92;141;342;15;2;4
90;92;141;342;15;28;4
90;92;141;343;15;20;0
90;92;141;343;15;25;0
90;92;141;343;15;21;0
90;92;141;343;15;33;0
90;92;141;343;15;2;4
90;92;141;343;15;28;4
90;92;141;344;15;20;0
90;92;141;344;15;25;0
90;92;141;344;15;21;0
90;92;141;344;15;33;0
90;92;141;344;15;2;4
90;92;141;344;15;28;4
90;92;141;345;15;20;0
90;92;141;345;15;25;0
90;92;141;345;15;21;0
90;92;141;345;15;33;0
90;92;141;345;15;2;4
90;92;141;345;15;28;4
90;92;141;346;15;20;0
90;92;141;346;15;25;0
90;92;141;346;15;21;0
90;92;141;346;15;33;0
90;92;141;346;15;2;4
90;92;141;346;15;28;4
90;92;141;347;15;20;0
90;92;141;347;15;25;0
90;92;141;347;15;21;0
90;92;141;347;15;33;0
90;92;141;347;15;2;4
90;92;141;347;15;28;4
90;92;141;348;15;20;0
90;92;141;348;15;25;0
90;92;141;348;15;21;0
90;92;141;348;15;33;0
90;92;141;348;15;2;4
90;92;141;348;15;28;4
90;92;141;349;15;20;0
90;92;141;349;15;25;0
90;92;141;349;15;21;0
90;92;141;349;15;33;0
90;92;141;349;15;2;4
90;92;141;349;15;28;4
90;92;141;350;15;20;0
90;92;141;350;15;25;0
90;92;141;350;15;21;0
90;92;141;350;15;33;0
90;92;141;350;15;2;4
90;92;141;350;15;28;4
90;92;141;351;15;20;0
90;92;141;351;15;25;0
90;92;141;351;15;21;0
90;92;141;351;15;33;0
90;92;141;351;15;2;4
90;92;141;351;15;28;4
90;92;141;352;15;20;0
90;92;141;352;15;25;0
90;92;141;352;15;21;0
90;92;141;352;15;33;0
90;92;141;352;15;2;4
90;92;141;352;15;28;4
90;92;141;353;15;20;0
90;92;141;353;15;25;0
90;92;141;353;15;21;0
90;92;141;353;15;33;0
90;92;141;353;15;2;4
90;92;141;353;15;28;4
90;92;141;354;15;20;0
90;92;141;354;15;25;0
90;92;141;354;15;21;0
90;92;141;354;15;33;0
90;92;141;354;15;2;4
90;92;141;354;15;28;4
91;93;142;355;80;26;0
91;93;142;355;80;31;0
92;94;143;356;30;26;4
92;94;143;356;30;30;4
92;94;143;356;30;31;4
92;94;143;356;30;11;4
92;94;143;356;30;24;4
92;94;143;356;30;34;4
92;94;143;356;30;3;4
92;94;143;356;30;5;0
92;94;143;356;30;14;0
92;94;143;356;30;15;1
92;94;143;356;30;27;1
93;95;144;357;10;4;0
93;95;144;358;10;4;0
94;96;145;359;7;9;0
95;97;146;360;14;25;0
95;97;146;360;14;2;4
95;97;146;361;10;36;0
95;97;146;362;10;36;0
95;97;146;363;14;25;0
95;97;146;363;14;2;4
96;98;147;364;500;32;1
96;98;147;364;500;23;0
97;99;148;365;150;32;4
97;99;148;365;150;16;0
97;99;148;365;150;23;1
98;100;149;366;76;26;0
98;100;149;366;76;31;0
98;100;149;366;76;32;4
98;100;149;366;76;16;4
98;100;149;366;76;23;4
99;101;150;367;54;26;1
99;101;150;367;54;31;1
99;101;150;367;54;34;0
99;101;150;367;54;32;4
99;101;150;367;54;16;4
99;101;150;367;54;23;4
100;102;151;368;129;32;4
100;102;151;368;129;16;0
100;102;151;368;129;23;1
101;103;152;369;40;26;4
101;103;152;369;40;30;0
101;103;152;369;40;31;4
101;103;152;369;40;11;0
101;103;152;369;40;24;0
101;103;152;369;40;34;1
102;104;153;370;40;26;4
102;104;153;370;40;30;0
102;104;153;370;40;31;4
102;104;153;370;40;11;0
102;104;153;370;40;24;0
102;104;153;370;40;34;4
102;104;153;370;40;3;0
102;104;153;370;40;15;0
102;104;153;370;40;27;0
102;104;154;371;20;26;4
102;104;154;371;20;30;4
102;104;154;371;20;31;4
102;104;154;371;20;11;4
102;104;154;371;20;24;4
102;104;154;371;20;34;4
102;104;154;371;20;3;4
102;104;154;371;20;5;0
102;104;154;371;20;14;0
102;104;154;371;20;15;1
102;104;154;371;20;27;1
102;104;154;372;20;26;4
102;104;154;372;20;30;4
102;104;154;372;20;31;4
102;104;154;372;20;11;4
102;104;154;372;20;24;4
102;104;154;372;20;34;4
102;104;154;372;20;3;4
102;104;154;372;20;5;0
102;104;154;372;20;14;0
102;104;154;372;20;15;1
102;104;154;372;20;27;1
103;105;155;373;24;26;4
103;105;155;373;24;30;4
103;105;155;373;24;31;4
103;105;155;373;24;11;4
103;105;155;373;24;24;4
103;105;155;373;24;34;4
103;105;155;373;24;3;4
103;105;155;373;24;5;0
103;105;155;373;24;14;0
103;105;155;373;24;15;1
103;105;155;373;24;27;1
104;106;156;374;15;26;4
104;106;156;374;15;30;4
104;106;156;374;15;31;4
104;106;156;374;15;11;4
104;106;156;374;15;24;4
104;106;156;374;15;34;4
104;106;156;374;15;3;4
104;106;156;374;15;5;0
104;106;156;374;15;14;0
104;106;156;374;15;15;1
104;106;156;374;15;27;1
105;107;157;375;140;32;4
105;107;157;375;140;16;0
105;107;157;375;140;23;1
106;108;158;376;18;19;0
106;108;158;377;15;19;0
107;109;159;378;30;26;4
107;109;159;378;30;30;0
107;109;159;378;30;31;4
107;109;159;378;30;11;0
107;109;159;378;30;24;0
107;109;159;378;30;34;4
107;109;159;378;30;3;0
107;109;159;378;30;15;0
107;109;159;378;30;27;0
108;110;160;379;30;26;4
108;110;160;379;30;30;0
108;110;160;379;30;31;4
108;110;160;379;30;11;0
108;110;160;379;30;24;0
108;110;160;379;30;34;4
108;110;160;379;30;3;0
108;110;160;379;30;15;0
108;110;160;379;30;27;0
109;111;161;380;18;19;0
109;111;161;381;16;19;0
110;112;162;382;50;26;1
110;112;162;382;50;31;1
110;112;162;382;50;34;0
111;113;163;383;400;32;0
112;114;164;384;12;19;0
112;114;164;385;12;19;0
113;115;165;386;15;25;0
113;115;165;386;15;2;4
113;115;166;387;15;25;0
113;115;166;387;15;2;4
114;116;167;388;150;32;4
114;116;167;388;150;16;0
114;116;167;388;150;23;1
115;117;168;389;12;19;0
116;118;169;390;12;19;0
117;119;170;391;40;26;4
117;119;170;391;40;30;0
117;119;170;391;40;31;4
117;119;170;391;40;11;0
117;119;170;391;40;24;0
117;119;170;391;40;34;1
118;120;171;392;48;23;0
118;120;172;393;24;19;0
118;120;172;394;24;19;0
119;121;173;395;20;23;0
120;122;174;396;200;26;0
121;123;175;397;50;26;4
121;123;175;397;50;30;0
121;123;175;397;50;31;4
121;123;175;397;50;11;0
121;123;175;397;50;24;0
121;123;175;397;50;34;4
121;123;175;397;50;3;0
121;123;175;397;50;15;40
121;123;175;397;50;27;40
121;123;175;397;50;32;4
121;123;175;397;50;16;4
121;123;175;397;50;23;4
121;123;176;398;25;28;0
121;123;176;399;25;28;0
122;124;177;400;100;32;44
122;124;177;400;100;16;0
122;124;177;400;100;23;41
123;125;178;401;200;32;3
123;125;178;401;200;16;39
123;125;178;401;200;23;0
124;126;179;402;25;26;4
124;126;179;402;25;30;4
124;126;179;402;25;31;4
124;126;179;402;25;11;4
124;126;179;402;25;24;4
124;126;179;402;25;34;4
124;126;179;402;25;3;4
124;126;179;402;25;5;0
124;126;179;402;25;14;0
124;126;179;402;25;15;1
124;126;179;402;25;27;1
125;127;180;403;15;26;4
125;127;180;403;15;30;4
125;127;180;403;15;31;4
125;127;180;403;15;11;4
125;127;180;403;15;24;4
125;127;180;403;15;34;4
125;127;180;403;15;3;4
125;127;180;403;15;5;0
125;127;180;403;15;14;0
125;127;180;403;15;15;1
125;127;180;403;15;27;1
126;128;181;404;15;1;0
127;129;182;405;10;29;0
127;129;182;406;4;29;0
128;130;183;407;23;7;0
129;131;184;408;120;26;0
129;131;184;408;120;31;0
130;132;185;409;13;12;0
130;132;185;410;15;12;0
130;132;185;411;13;12;0
130;132;185;412;18;12;0
131;133;186;413;100;31;0
131;133;186;413;100;32;44
131;133;186;413;100;16;44
131;133;186;413;100;23;44
131;133;187;414;25;28;0
131;133;187;415;25;28;0
131;133;187;416;25;28;0
131;133;187;417;25;28;0
132;134;188;418;50;26;1
132;134;188;418;50;31;1
132;134;188;418;50;34;0
132;134;188;418;50;32;4
132;134;188;418;50;16;4
132;134;188;418;50;23;4
133;135;189;419;10;18;0
134;136;190;420;60;26;1
134;136;190;420;60;31;1
134;136;190;420;60;34;0
134;136;190;420;60;32;4
134;136;190;420;60;16;4
134;136;190;420;60;23;4
135;137;191;421;30;26;4
135;137;191;421;30;30;0
135;137;191;421;30;31;4
135;137;191;421;30;11;0
135;137;191;421;30;24;0
135;137;191;421;30;34;4
135;137;191;421;30;3;0
135;137;191;421;30;15;0
135;137;191;421;30;27;0
136;138;192;422;40;26;4
136;138;192;422;40;30;0
136;138;192;422;40;31;4
136;138;192;422;40;11;0
136;138;192;422;40;24;0
136;138;192;422;40;34;4
136;138;192;422;40;3;0
136;138;192;422;40;15;0
136;138;192;422;40;27;0
137;139;193;423;10;4;0
138;140;194;424;10;4;0
139;141;195;425;20;26;4
139;141;195;425;20;30;4
139;141;195;425;20;31;4
139;141;195;425;20;11;4
139;141;195;425;20;24;4
139;141;195;425;20;34;4
139;141;195;425;20;3;4
139;141;195;425;20;5;0
139;141;195;425;20;14;0
139;141;195;425;20;15;1
139;141;195;425;20;27;1
140;142;196;426;45;11;0
140;142;196;427;34;11;0
140;142;196;428;48;11;0
140;142;197;429;45;11;0
140;142;197;430;34;11;0
140;142;197;431;48;11;0
140;142;198;432;45;11;0
140;142;198;433;34;11;0
140;142;198;434;48;11;0
140;142;199;435;45;11;0
140;142;199;436;34;11;0
140;142;199;437;48;11;0
140;142;200;438;45;11;0
140;142;200;439;34;11;0
140;142;200;440;48;11;0
140;142;201;441;45;11;0
140;142;201;442;34;11;0
140;142;201;443;48;11;0
141;143;202;444;64;26;1
141;143;202;444;64;31;1
141;143;202;444;64;34;0
141;143;202;444;64;32;4
141;143;202;444;64;16;4
141;143;202;444;64;23;4
142;144;203;445;10;29;0
143;145;204;446;30;26;4
143;145;204;446;30;30;0
143;145;204;446;30;31;4
143;145;204;446;30;11;0
143;145;204;446;30;24;0
144;146;205;447;33;26;44
144;146;205;447;33;30;40
144;146;205;447;33;31;44
144;146;205;447;33;11;0
144;146;205;447;33;24;0
144;146;205;447;33;34;44
144;146;205;447;33;3;40
144;146;205;447;33;15;40
144;146;205;447;33;27;40
145;147;206;448;36;30;0
145;147;206;448;36;11;0
145;147;206;448;36;24;0
145;147;207;449;18;20;0
145;147;207;449;18;28;1
145;147;207;450;18;20;0
145;147;207;450;18;28;1
146;148;208;451;25;28;0
147;149;209;452;13;8;0
147;149;209;453;12;8;0
147;149;209;454;12;8;0
148;150;210;455;40;26;4
148;150;210;455;40;30;0
148;150;210;455;40;31;4
148;150;210;455;40;11;0
148;150;210;455;40;24;0
148;150;210;455;40;34;1
149;151;211;456;70;26;0
149;151;211;456;70;31;0
149;151;211;456;70;32;4
149;151;211;456;70;16;4
149;151;211;456;70;23;4
150;152;212;457;40;26;0
150;152;212;457;40;30;36
150;152;212;457;40;31;40
150;152;212;457;40;11;36
150;152;212;457;40;24;36
150;152;212;457;40;34;37
151;153;213;458;12;8;0
152;154;214;459;91;26;4
152;154;214;459;91;30;0
152;154;214;459;91;31;4
152;154;214;459;91;11;0
152;154;214;459;91;24;0
153;155;215;460;191;26;0
153;155;215;460;191;31;0
153;155;215;460;191;32;4
153;155;215;460;191;16;4
153;155;215;460;191;23;4
153;155;216;461;96;2;0
153;155;216;462;95;2;0
154;156;217;463;95;26;4
154;156;217;463;95;30;0
154;156;217;463;95;31;4
154;156;217;463;95;11;0
154;156;217;463;95;24;0
154;156;217;463;95;34;1
154;156;218;464;95;26;4
154;156;218;464;95;30;0
154;156;218;464;95;31;4
154;156;218;464;95;11;0
154;156;218;464;95;24;0
154;156;218;464;95;34;1
155;157;219;465;40;26;4
155;157;219;465;40;30;0
155;157;219;465;40;31;4
155;157;219;465;40;11;0
155;157;219;465;40;24;0
155;157;219;465;40;34;4
155;157;219;465;40;3;0
155;157;219;465;40;15;0
155;157;219;465;40;27;0
156;158;220;466;65;26;4
156;158;220;466;65;30;0
156;158;220;466;65;31;4
156;158;220;466;65;11;0
156;158;220;466;65;24;0
156;158;220;466;65;34;4
156;158;220;466;65;3;0
156;158;220;466;65;15;0
156;158;220;466;65;27;0
157;159;221;467;50;26;0
157;159;221;467;50;31;0
157;159;221;467;50;32;4
157;159;221;467;50;16;4
157;159;221;467;50;23;4
157;159;222;468;25;28;0
157;159;222;469;25;28;0
158;160;223;470;34;2;0
159;161;224;471;12;19;0
160;162;225;472;25;28;0
161;163;226;473;20;26;4
161;163;226;473;20;30;0
161;163;226;473;20;31;4
161;163;226;473;20;11;0
161;163;226;473;20;24;0
161;163;226;473;20;15;0
162;164;227;474;40;26;4
162;164;227;474;40;30;0
162;164;227;474;40;31;4
162;164;227;474;40;11;0
162;164;227;474;40;24;0
162;164;227;474;40;34;1
162;164;227;474;40;32;4
162;164;227;474;40;16;4
162;164;227;474;40;23;4
163;165;228;475;15;26;4
163;165;228;475;15;30;4
163;165;228;475;15;31;4
163;165;228;475;15;11;4
163;165;228;475;15;24;4
163;165;228;475;15;34;4
163;165;228;475;15;3;4
163;165;228;475;15;5;0
163;165;228;475;15;14;0
163;165;228;475;15;15;1
163;165;228;475;15;27;1
164;166;229;476;10;6;0
165;167;230;477;160;26;0
165;167;230;477;160;31;0
165;167;230;477;160;32;4
165;167;230;477;160;16;4
165;167;230;477;160;23;4
165;167;231;478;20;26;14
165;167;231;478;20;30;14
165;167;231;478;20;31;14
165;167;231;478;20;11;14
165;167;231;478;20;24;14
165;167;231;478;20;34;14
165;167;231;478;20;3;14
165;167;231;478;20;5;0
165;167;231;478;20;14;10
165;167;231;478;20;15;11
165;167;231;478;20;27;11
165;167;231;479;20;26;14
165;167;231;479;20;30;14
165;167;231;479;20;31;14
165;167;231;479;20;11;14
165;167;231;479;20;24;14
165;167;231;479;20;34;14
165;167;231;479;20;3;14
165;167;231;479;20;5;0
165;167;231;479;20;14;10
165;167;231;479;20;15;11
165;167;231;479;20;27;11
165;167;231;480;20;26;4
165;167;231;480;20;30;4
165;167;231;480;20;31;4
165;167;231;480;20;11;4
165;167;231;480;20;24;4
165;167;231;480;20;34;4
165;167;231;480;20;3;4
165;167;231;480;20;5;0
165;167;231;480;20;14;0
165;167;231;480;20;15;1
165;167;231;480;20;27;1
165;167;231;481;20;26;4
165;167;231;481;20;30;4
165;167;231;481;20;31;4
165;167;231;481;20;11;4
165;167;231;481;20;24;4
165;167;231;481;20;34;4
165;167;231;481;20;3;4
165;167;231;481;20;5;0
165;167;231;481;20;14;0
165;167;231;481;20;15;1
165;167;231;481;20;27;1
165;167;231;482;20;26;4
165;167;231;482;20;30;4
165;167;231;482;20;31;4
165;167;231;482;20;11;4
165;167;231;482;20;24;4
165;167;231;482;20;34;4
165;167;231;482;20;3;4
165;167;231;482;20;5;0
165;167;231;482;20;14;0
165;167;231;482;20;15;1
165;167;231;482;20;27;1
165;167;231;483;20;26;4
165;167;231;483;20;30;4
165;167;231;483;20;31;4
165;167;231;483;20;11;4
165;167;231;483;20;24;4
165;167;231;483;20;34;4
165;167;231;483;20;3;4
165;167;231;483;20;5;0
165;167;231;483;20;14;0
165;167;231;483;20;15;1
165;167;231;483;20;27;1
165;167;231;484;20;26;4
165;167;231;484;20;30;4
165;167;231;484;20;31;4
165;167;231;484;20;11;4
165;167;231;484;20;24;4
165;167;231;484;20;34;4
165;167;231;484;20;3;4
165;167;231;484;20;5;0
165;167;231;484;20;14;0
165;167;231;484;20;15;1
165;167;231;484;20;27;1
165;167;231;485;20;26;4
165;167;231;485;20;30;4
165;167;231;485;20;31;4
165;167;231;485;20;11;4
165;167;231;485;20;24;4
165;167;231;485;20;34;4
165;167;231;485;20;3;4
165;167;231;485;20;5;0
165;167;231;485;20;14;0
165;167;231;485;20;15;1
165;167;231;485;20;27;1
166;168;232;486;115;26;0
166;168;232;486;115;31;0
166;168;232;486;115;32;4
166;168;232;486;115;16;4
166;168;232;486;115;23;4
167;169;233;487;100;32;4
167;169;233;487;100;16;0
167;169;233;487;100;23;1
168;170;234;488;40;26;44
168;170;234;488;40;30;40
168;170;234;488;40;31;44
168;170;234;488;40;11;0
168;170;234;488;40;24;40
169;171;235;489;40;26;44
169;171;235;489;40;30;40
169;171;235;489;40;31;44
169;171;235;489;40;11;0
169;171;235;489;40;24;40
170;172;236;490;30;26;44
170;172;236;490;30;30;40
170;172;236;490;30;31;44
170;172;236;490;30;11;40
170;172;236;490;30;24;40
170;172;236;490;30;34;44
170;172;236;490;30;3;0
170;172;236;490;30;15;40
170;172;236;490;30;27;40
171;173;237;491;29;26;4
171;173;237;491;29;30;0
171;173;237;491;29;31;4
171;173;237;491;29;11;0
171;173;237;491;29;24;0
171;173;237;491;29;15;0
171;173;237;492;29;26;4
171;173;237;492;29;30;0
171;173;237;492;29;31;4
171;173;237;492;29;11;0
171;173;237;492;29;24;0
171;173;237;492;29;15;0
171;173;237;493;28;26;3
171;173;237;493;28;30;3
171;173;237;493;28;31;3
171;173;237;493;28;11;3
171;173;237;493;28;24;3
171;173;237;493;28;34;43
171;173;237;493;28;3;43
171;173;237;493;28;5;39
171;173;237;493;28;14;39
171;173;237;493;28;15;0
171;173;237;493;28;27;40
171;173;237;494;29;26;3
171;173;237;494;29;30;3
171;173;237;494;29;31;3
171;173;237;494;29;11;3
171;173;237;494;29;24;3
171;173;237;494;29;34;43
171;173;237;494;29;3;43
171;173;237;494;29;5;39
171;173;237;494;29;14;39
171;173;237;494;29;15;0
171;173;237;494;29;27;40
171;173;237;495;29;26;3
171;173;237;495;29;30;3
171;173;237;495;29;31;3
171;173;237;495;29;11;3
171;173;237;495;29;24;3
171;173;237;495;29;34;43
171;173;237;495;29;3;43
171;173;237;495;29;5;39
171;173;237;495;29;14;39
171;173;237;495;29;15;0
171;173;237;495;29;27;40
171;173;237;496;29;26;3
171;173;237;496;29;30;3
171;173;237;496;29;31;3
171;173;237;496;29;11;3
171;173;237;496;29;24;3
171;173;237;496;29;34;43
171;173;237;496;29;3;43
171;173;237;496;29;5;39
171;173;237;496;29;14;39
171;173;237;496;29;15;0
171;173;237;496;29;27;40
171;173;237;497;29;26;3
171;173;237;497;29;30;3
171;173;237;497;29;31;3
171;173;237;497;29;11;3
171;173;237;497;29;24;3
171;173;237;497;29;34;43
171;173;237;497;29;3;43
171;173;237;497;29;5;39
171;173;237;497;29;14;39
171;173;237;497;29;15;0
171;173;237;497;29;27;40
171;173;237;498;29;26;4
171;173;237;498;29;30;0
171;173;237;498;29;31;4
171;173;237;498;29;11;0
171;173;237;498;29;24;0
171;173;237;498;29;15;0
171;173;237;499;29;26;4
171;173;237;499;29;30;0
171;173;237;499;29;31;4
171;173;237;499;29;11;0
171;173;237;499;29;24;0
171;173;237;499;29;15;0
171;173;237;500;29;26;4
171;173;237;500;29;30;0
171;173;237;500;29;31;4
171;173;237;500;29;11;0
171;173;237;500;29;24;0
171;173;237;500;29;15;0
171;173;237;501;29;26;4
171;173;237;501;29;30;0
171;173;237;501;29;31;4
171;173;237;501;29;11;0
171;173;237;501;29;24;0
171;173;237;501;29;15;0
171;173;237;502;28;26;4
171;173;237;502;28;30;0
171;173;237;502;28;31;4
171;173;237;502;28;11;0
171;173;237;502;28;24;0
171;173;237;502;28;15;0
171;173;237;503;29;26;4
171;173;237;503;29;30;0
171;173;237;503;29;31;4
171;173;237;503;29;11;0
171;173;237;503;29;24;0
171;173;237;503;29;15;0
171;173;237;504;29;26;4
171;173;237;504;29;30;0
171;173;237;504;29;31;4
171;173;237;504;29;11;0
171;173;237;504;29;24;0
171;173;237;504;29;15;0
171;173;237;505;24;26;4
171;173;237;505;24;30;0
171;173;237;505;24;31;4
171;173;237;505;24;11;0
171;173;237;505;24;24;0
171;173;237;505;24;15;0
171;173;237;506;29;26;4
171;173;237;506;29;30;0
171;173;237;506;29;31;4
171;173;237;506;29;11;0
171;173;237;506;29;24;0
171;173;237;506;29;15;0
171;173;237;507;24;26;4
171;173;237;507;24;30;0
171;173;237;507;24;31;4
171;173;237;507;24;11;0
171;173;237;507;24;24;0
171;173;237;507;24;15;0
172;174;238;508;20;26;4
172;174;238;508;20;30;0
172;174;238;508;20;31;4
172;174;238;508;20;11;0
172;174;238;508;20;24;0
172;174;238;508;20;15;0
173;175;239;509;15;26;4
173;175;239;509;15;30;0
173;175;239;509;15;31;4
173;175;239;509;15;11;0
173;175;239;509;15;24;0
173;175;239;509;15;15;0
173;175;239;510;15;26;4
173;175;239;510;15;30;0
173;175;239;510;15;31;4
173;175;239;510;15;11;0
173;175;239;510;15;24;0
173;175;239;510;15;15;0
174;176;240;511;130;26;0
174;176;240;511;130;31;0
174;176;240;511;130;32;4
174;176;240;511;130;16;4
174;176;240;511;130;23;4
175;177;241;512;40;26;44
175;177;241;512;40;30;40
175;177;241;512;40;31;44
175;177;241;512;40;11;0
175;177;241;512;40;24;40
176;178;242;513;20;26;40
176;178;242;513;20;30;40
176;178;242;513;20;31;40
176;178;242;513;20;11;40
176;178;242;513;20;24;40
176;178;242;513;20;34;40
176;178;242;513;20;3;0
176;178;242;513;20;5;36
176;178;242;513;20;14;36
176;178;242;513;20;15;37
176;178;242;513;20;27;37
177;179;243;514;200;32;0
178;180;244;515;170;32;4
178;180;244;515;170;16;0
178;180;244;515;170;23;1
179;181;245;516;16;19;0
179;181;245;516;16;13;0
179;181;245;517;13;19;0
179;181;245;517;13;13;0
180;182;246;518;16;19;0
180;182;246;518;16;13;0
180;182;246;519;13;19;0
180;182;246;519;13;13;0
181;183;247;520;24;26;4
181;183;247;520;24;30;0
181;183;247;520;24;31;4
181;183;247;520;24;11;0
181;183;247;520;24;24;0
181;183;247;520;24;15;0
181;183;247;521;24;26;4
181;183;247;521;24;30;0
181;183;247;521;24;31;4
181;183;247;521;24;11;0
181;183;247;521;24;24;0
181;183;247;521;24;15;0
182;184;248;522;12;19;0
182;184;248;522;12;13;0
182;184;248;523;12;19;0
182;184;248;523;12;13;0
183;185;249;524;13;19;0
183;185;249;525;12;19;0
184;186;250;526;13;14;0
184;186;250;527;12;14;0
184;186;250;528;12;14;0
185;187;251;529;26;30;0
185;187;252;530;26;35;0
186;188;253;531;12;19;100
186;188;253;531;12;14;0
186;188;253;532;12;19;100
186;188;253;532;12;14;0
187;189;254;533;12;26;4
187;189;254;533;12;30;0
187;189;254;533;12;31;4
187;189;254;533;12;11;0
187;189;254;533;12;24;0
187;189;254;533;12;15;0
187;189;254;534;12;26;4
187;189;254;534;12;30;0
187;189;254;534;12;31;4
187;189;254;534;12;11;0
187;189;254;534;12;24;0
187;189;254;534;12;15;0
188;190;255;535;25;26;4
188;190;255;535;25;30;4
188;190;255;535;25;31;4
188;190;255;535;25;11;4
188;190;255;535;25;24;4
188;190;255;535;25;34;4
188;190;255;535;25;3;4
188;190;255;535;25;5;0
188;190;255;535;25;14;0
188;190;255;535;25;15;1
188;190;255;535;25;27;1
