student_id;course_id
1;20
1;171
1;79
1;15
2;164
3;130
3;41
3;73
3;75
4;130
4;41
4;73
4;75
5;130
5;41
5;73
5;75
6;130
6;41
6;73
6;75
7;130
7;41
7;73
7;75
8;54
8;74
8;140
8;12
9;54
9;74
9;140
9;12
10;54
10;74
10;140
10;12
11;54
11;74
11;140
11;12
12;54
12;74
12;140
12;12
13;50
13;67
13;52
13;136
13;41
13;12
14;18
14;82
14;83
14;165
14;85
14;6
14;22
14;88
14;153
15;140
16;83
16;165
16;153
17;16
17;17
17;166
17;88
17;174
17;47
18;129
18;153
18;26
18;75
18;14
19;17
19;81
19;178
19;88
19;89
19;171
19;125
19;47
20;100
20;165
20;122
20;123
20;47
21;96
21;97
21;100
21;141
21;143
21;47
21;79
21;16
21;17
21;114
21;87
21;120
21;88
21;25
21;153
21;89
22;2
22;184
23;153
24;117
25;99
25;181
26;136
27;83
27;53
27;149
27;71
27;25
27;172
28;136
29;17
29;47
30;4
30;12
30;62
31;51
32;141
33;98
33;100
34;154
35;153
35;154
35;62
36;176
36;177
36;114
36;4
36;40
36;153
36;42
36;43
37;8
37;155
38;163
38;131
38;92
38;108
39;16
39;17
39;81
39;105
39;90
39;91
39;47
40;56
40;153
40;41
40;124
40;156
40;93
40;62
40;63
41;89
41;47
42;41
43;35
43;9
43;14
44;129
44;154
44;12
44;63
45;65
45;83
45;152
45;8
45;153
45;154
45;141
46;8
46;153
47;4
48;66
49;153
49;63
50;71
50;152
50;25
50;153
50;154
50;156
51;153
51;140
52;130
52;4
52;152
52;153
52;41
52;154
52;156
53;65
53;76
54;65
54;153
54;12
55;153
55;122
56;153
57;18
57;165
57;87
57;89
57;46
57;47
58;129
58;131
58;100
58;102
58;71
58;140
58;76
58;144
58;148
58;53
58;149
58;23
58;152
58;59
59;16
59;96
59;17
59;114
59;90
59;47
60;16
60;65
60;177
60;81
60;163
60;83
60;149
60;55
60;121
60;153
60;185
60;154
61;20
62;16
62;112
62;81
62;83
62;131
62;180
62;165
62;118
62;182
62;184
63;148
64;152
64;89
64;140
64;76
65;34
65;6
65;8
65;12
66;145
66;34
66;100
66;101
66;102
66;103
66;120
66;105
66;154
66;58
66;107
66;156
67;16
67;97
67;17
67;88
67;90
67;46
67;47
68;17
68;47
69;39
69;105
69;60
70;56
71;97
71;5
71;56
71;120
71;41
72;50
72;152
72;153
72;154
72;43
73;160
73;177
73;162
73;163
73;179
73;131
73;118
73;152
73;184
73;153
74;33
74;49
74;41
74;60
74;12
75;144
75;112
75;153
75;154
75;106
75;109
76;147
76;131
76;4
76;5
76;152
76;42
76;12
76;157
76;158
76;62
77;115
78;66
78;130
78;99
79;145
79;152
79;153
80;81
80;130
80;51
80;153
80;154
80;156
81;40
82;52
82;25
82;62
83;65
83;53
83;149
83;102
83;8
83;25
83;153
83;59
83;140
83;76
83;62
84;129
84;33
84;83
84;101
84;102
84;103
84;40
84;41
84;59
85;53
85;150
85;152
85;153
85;154
85;76
86;65
86;5
87;153
88;9
88;14
89;65
89;178
89;59
89;76
90;68
90;4
90;6
90;11
91;112
91;2
91;179
91;183
91;119
91;122
91;106
91;109
92;129
92;147
92;26
92;12
92;157
93;149
93;140
94;146
94;41
95;97
95;148
95;53
95;152
95;25
95;153
95;62
96;160
96;97
96;177
96;162
96;52
96;120
96;154
96;140
96;60
96;76
96;158
97;65
97;179
97;149
97;183
98;65
98;5
98;153
98;41
98;154
98;43
98;60
99;65
99;148
99;149
99;73
99;60
99;143
100;129
100;177
100;147
100;102
100;25
100;153
100;154
100;141
100;63
101;16
101;20
101;40
102;128
103;157
103;158
104;4
105;53
105;62
106;92
107;36
107;5
107;152
107;153
107;123
107;156
107;157
107;158
107;62
108;16
108;17
108;98
108;88
108;122
108;47
109;16
109;97
109;17
109;81
109;174
109;111
109;47
110;16
110;17
110;88
110;90
110;46
111;4
111;41
112;65
112;153
112;154
113;16
113;114
113;132
113;90
113;171
113;188
113;46
113;79
113;15
114;83
114;53
114;165
115;65
115;81
115;18
115;99
115;165
115;152
115;89
115;105
115;154
115;95
116;144
116;148
116;100
116;53
116;101
116;150
116;153
116;59
116;76
117;171
117;46
117;47
117;16
117;17
117;114
117;82
117;180
117;117
117;183
117;56
117;88
117;153
117;90
117;123
117;157
118;52
118;5
118;135
118;39
118;7
118;121
118;122
118;11
119;16
119;17
119;81
119;84
119;165
119;28
119;31
119;47
120;17
120;81
120;162
120;18
120;100
120;171
120;47
121;8
122;16
122;17
122;179
122;88
122;89
122;90
122;106
122;109
122;47
123;97
123;145
123;82
123;149
123;71
123;23
123;59
123;76
124;16
124;17
124;178
124;89
124;90
124;141
124;47
125;16
125;128
125;82
125;151
126;98
126;82
126;103
126;62
127;65
127;148
127;152
127;153
127;154
127;60
128;148
128;149
128;150
128;25
129;4
129;5
130;128
130;66
130;54
130;140
131;99
131;5
131;55
131;40
131;153
131;42
131;12
131;156
131;61
131;77
132;39
132;23
133;65
133;2
133;130
133;71
133;153
133;122
133;59
133;140
133;76
133;143
134;96
134;128
134;2
134;54
134;151
134;41
134;105
134;110
134;62
134;63
135;65
135;129
135;42
135;141
135;145
135;50
135;147
135;152
135;153
135;154
135;188
135;156
135;124
135;93
135;95
135;63
136;22
136;71
136;25
136;154
137;144
137;82
137;4
137;101
137;140
137;62
138;4
138;153
138;41
138;154
138;26
138;42
138;156
139;178
140;149
140;150
140;153
140;140
141;113
141;153
141;172
141;60
142;101
142;102
142;123
142;111
143;23
144;65
144;113
144;82
144;99
144;148
144;100
144;150
144;71
144;151
144;26
144;63
145;129
145;99
145;5
145;41
145;42
145;140
145;83
145;117
145;120
145;152
145;56
145;153
145;185
145;154
145;122
145;156
145;60
145;158
146;16
146;160
146;81
146;83
146;165
146;127
147;62
148;149
148;166
148;120
148;25
148;153
148;123
149;56
149;77
150;179
150;182
150;151
151;6
151;153
151;9
151;14
152;99
152;8
152;122
153;16
153;17
153;114
153;90
153;47
154;16
154;23
154;90
154;123
155;146
155;56
155;184
155;11
156;185
156;122
157;96
157;129
157;68
157;53
157;101
157;5
157;56
157;184
157;60
157;44
158;32
158;113
158;41
158;26
158;75
158;110
158;62
159;52
159;68
159;4
159;56
159;41
159;89
160;66
161;152
161;184
161;153
161;154
161;42
162;65
162;152
162;153
162;154
162;156
162;63
163;144
163;145
163;2
163;4
163;5
163;152
163;89
163;59
163;158
164;65
164;153
164;154
164;156
165;97
165;25
165;76
166;65
166;129
166;33
166;177
166;52
166;180
166;149
166;183
166;153
166;58
166;158
166;78
167;2
168;129
168;177
168;114
168;101
168;8
168;153
168;122
169;65
169;148
169;120
169;122
169;62
170;82
170;148
170;22
170;25
171;146
171;68
171;5
171;39
171;56
171;89
171;11
171;44
172;99
172;141
172;174
172;78
172;175
172;177
172;82
172;179
172;148
172;180
172;183
172;184
172;152
172;56
172;187
172;157
172;159
173;4
173;71
173;25
173;153
173;59
173;43
173;140
173;76
174;65
174;12
175;4
175;40
175;8
175;153
175;105
175;42
175;27
175;43
175;157
176;25
177;67
177;179
177;68
177;180
177;118
177;71
177;183
177;185
177;157
178;4
178;42
178;156
179;153
180;5
180;152
180;41
180;42
180;75
181;129
181;82
181;58
181;59
181;174
181;62
182;153
183;136
183;27
184;65
184;53
184;101
184;5
184;153
184;41
184;123
184;43
184;156
184;62
184;63
185;128
185;66
185;54
185;110
186;43
187;177
187;68
187;4
187;180
187;5
187;183
187;152
187;170
188;65
188;149
189;2
189;36
189;153
189;185
189;187
189;43
189;140
190;98
190;131
190;4
190;100
190;101
190;40
190;8
190;106
190;172
190;140
190;148
190;184
190;122
191;8
191;25
192;39
192;136
192;56
192;11
192;60
193;118
193;152
193;153
193;140
193;156
193;63
194;135
195;97
195;51
195;101
195;153
195;105
195;154
195;123
195;111
196;65
196;149
196;71
196;73
196;154
196;62
197;32
197;130
197;54
197;75
197;141
197;110
198;130
198;152
198;56
198;8
198;153
198;154
198;140
198;156
198;157
198;63
199;71
199;73
199;59
200;163
200;100
200;165
200;92
200;108
201;4
201;43
202;100
202;42
202;107
202;51
202;152
202;25
202;153
202;154
202;187
202;27
202;156
202;158
202;62
203;16
203;81
203;89
203;90
203;174
203;47
204;4
204;101
204;40
204;185
204;107
204;156
205;2
205;36
205;122
206;136
206;187
207;2
207;82
207;99
207;4
207;153
207;154
207;75
207;60
207;156
207;95
208;42
209;87
209;174
210;32
210;130
210;53
210;5
210;54
210;26
210;110
211;36
211;55
211;42
211;187
211;77
212;51
212;99
212;39
212;105
212;12
212;111
213;130
213;5
213;54
213;26
213;110
214;41
214;14
215;162
215;100
215;105
215;108
215;46
215;47
215;16
215;17
215;81
215;87
215;120
215;153
215;90
215;123
216;131
216;54
216;7
216;75
216;140
216;62
216;95
217;140
217;143
218;153
218;154
218;156
219;65
219;177
219;83
219;149
219;153
219;185
219;105
219;91
219;156
219;157
219;174
220;4
220;5
220;153
220;41
220;154
220;156
220;127
221;60
221;158
222;66
223;35
223;105
223;9
223;62
224;2
224;55
224;153
224;140
224;141
225;65
225;152
225;153
225;154
226;65
226;71
226;154
226;143
227;65
227;4
227;5
227;152
227;8
227;153
227;156
228;65
228;97
228;98
228;153
229;81
229;82
229;117
229;87
229;88
229;89
229;90
229;27
229;43
230;50
230;53
230;5
230;136
230;43
230;12
231;24
231;153
232;50
232;4
232;149
232;150
232;152
232;42
232;140
232;60
232;12
232;156
232;141
233;16
233;65
233;17
233;88
233;89
234;32
234;65
234;23
234;40
234;8
234;12
234;62
235;65
235;97
235;53
235;59
235;140
235;76
235;62
235;111
236;149
236;102
237;40
237;26
238;53
238;5
238;41
238;123
238;62
239;64
239;65
239;42
239;12
239;126
240;4
240;5
240;40
240;42
241;4
241;153
241;41
241;154
241;42
241;158
242;51
243;54
243;26
243;75
243;12
243;95
244;53
244;5
244;8
244;120
244;42
244;123
244;158
244;62
244;127
245;99
245;152
245;153
245;154
246;99
246;165
246;141
246;46
246;47
246;16
246;17
246;177
246;81
246;18
246;147
246;88
246;89
246;90
246;91
247;23
247;107
247;63
248;65
248;129
248;179
248;53
248;149
248;25
248;153
248;59
248;76
248;158
248;62
249;65
249;149
249;152
249;8
249;25
249;154
249;140
249;76
250;65
250;97
250;23
250;8
250;120
250;11
250;60
251;16
251;17
251;81
251;20
251;153
251;109
251;46
251;79
252;131
252;4
252;42
252;140
252;12
252;141
252;50
252;149
252;150
252;152
252;153
252;156
252;60
253;35
253;6
253;9
253;60
253;62
253;95
254;4
254;5
254;152
254;8
254;153
254;154
254;43
254;157
254;63
255;34
255;130
255;5
255;136
255;41
255;75
255;12
255;147
255;51
255;53
255;23
255;153
255;156
255;62
255;63
256;147
256;42
257;153
257;42
257;12
257;156
258;52
258;56
258;42
258;60
258;157
259;130
259;5
259;8
259;41
259;42
259;43
259;12
259;117
259;120
259;153
259;154
259;156
259;63
260;65
260;100
260;149
260;71
260;59
260;140
260;76
261;54
261;75
261;140
261;110
262;51
262;35
262;4
262;53
262;153
262;41
262;154
262;60
262;62
262;95
263;100
263;102
263;8
263;122
263;59
263;140
263;76
264;54
264;41
264;26
264;75
264;140
264;12
265;99
265;6
265;7
265;169
265;106
265;11
265;176
265;112
265;178
265;82
265;51
265;84
265;22
265;86
265;184
265;29
265;61
266;148
266;153
267;4
267;53
267;153
267;105
267;154
267;42
267;43
267;141
267;62
267;63
268;65
268;50
268;53
268;5
268;41
268;141
268;62
269;17
269;18
269;20
269;87
269;88
269;105
269;46
269;79
270;96
270;65
270;129
270;4
270;100
270;101
270;42
270;43
270;12
270;82
270;53
270;152
270;153
270;156
271;65
271;50
271;99
271;4
271;183
271;43
271;12
272;65
272;97
272;41
272;141
272;110
272;62
273;50
273;52
273;4
273;152
273;153
273;154
273;42
273;12
273;156
274;130
274;53
274;5
274;152
274;153
274;41
274;140
274;156
274;62
275;120
275;42
275;123
275;158
276;16
276;177
276;81
276;178
276;131
276;135
276;121
276;46
276;15
277;34
277;5
277;6
277;185
277;43
278;129
278;145
278;152
278;153
278;154
278;156
279;64
279;153
279;12
279;156
279;63
280;41
280;62
281;53
281;54
281;153
281;27
281;75
281;12
282;97
282;150
282;120
283;177
283;40
283;59
284;136
284;120
284;42
284;123
284;158
285;51
285;53
285;42
285;43
285;156
285;62
285;63
286;112
286;81
286;114
286;83
286;131
286;100
286;55
286;154
286;106
287;16
287;17
287;81
287;165
287;88
287;90
288;81
288;18
288;165
288;166
288;23
288;120
288;88
288;89
288;47
289;81
289;18
289;100
289;165
289;89
289;111
290;65
290;82
290;4
290;53
290;5
290;141
291;53
291;149
291;71
291;25
291;153
291;140
291;76
291;62
292;129
292;145
292;101
292;152
292;153
292;154
292;59
292;156
293;144
293;100
293;53
293;102
293;153
293;60
293;62
294;153
294;154
294;42
294;59
294;12
294;156
294;141
294;63
295;16
295;100
296;149
296;102
296;25
296;59
296;76
296;143
297;131
297;152
297;56
297;154
297;60
297;156
297;158
298;130
298;149
298;25
298;59
298;140
298;76
298;141
299;129
299;145
299;152
299;153
299;156
299;158
300;53
300;54
300;74
300;140
300;141
301;56
301;154
301;123
301;63
302;112
302;82
302;130
302;180
302;36
302;184
302;41
302;106
302;109
302;63
303;65
303;67
303;68
303;56
303;121
303;153
303;105
303;157
304;65
304;97
304;98
304;5
304;134
304;120
304;26
304;60
304;174
305;145
305;101
305;102
305;153
305;105
305;59
305;156
305;141
306;99
306;23
306;8
306;120
306;60
306;14
306;158
307;41
308;97
308;4
308;182
308;152
308;56
308;120
308;153
308;154
308;91
308;141
308;157
309;168
309;106
309;109
309;46
309;47
309;16
309;112
309;17
309;178
309;179
309;20
309;183
309;87
309;184
309;88
309;89
309;90
310;4
310;152
310;153
310;41
310;156
310;158
311;98
311;101
311;102
311;103
311;40
311;120
311;25
311;107
311;156
312;2
312;53
312;5
312;54
312;41
312;122
312;43
312;12
313;144
313;65
313;149
313;154
313;140
313;76
314;50
314;51
314;53
314;152
314;43
314;157
314;62
315;18
315;4
315;43
315;62
316;130
316;4
316;42
316;91
316;141
317;2
317;4
317;53
317;101
317;40
317;153
317;41
317;154
317;140
317;156
318;20
318;90
319;71
319;59
319;60
319;76
319;143
320;129
320;153
321;128
321;147
321;165
321;89
321;105
321;62
321;47
322;129
322;177
322;18
322;101
322;153
322;111
323;16
323;89
324;53
324;54
324;41
324;105
324;74
324;140
324;141
324;62
325;5
325;151
325;136
325;153
325;154
325;42
325;12
325;156
326;25
326;156
326;76
327;132
327;53
327;5
327;151
327;56
327;153
327;154
327;174
328;149
328;25
328;59
328;140
328;76
329;149
329;152
329;153
329;59
329;140
329;76
330;16
330;17
330;178
330;88
330;89
330;90
330;111
330;47
331;129
331;145
331;4
331;100
331;101
331;102
331;40
331;41
332;153
332;154
333;2
333;101
333;102
333;170
333;76
333;144
333;149
333;153
333;154
333;26
333;58
333;156
333;60
334;171
335;50
336;97
336;148
336;149
336;71
336;25
336;123
336;110
337;97
337;2
337;98
337;34
337;165
337;5
337;6
337;171
337;43
337;51
337;53
337;153
337;156
337;62
338;64
338;65
338;5
338;61
339;16
339;81
339;18
339;82
339;100
339;165
339;23
339;90
339;62
340;16
340;96
340;17
340;88
340;90
340;46
340;111
341;17
341;81
341;92
342;12
343;96
343;97
343;53
343;25
343;171
343;92
343;111
344;87
344;42
345;128
345;97
345;130
345;166
345;141
345;47
345;17
345;81
345;18
345;147
345;23
345;120
345;89
346;160
346;180
346;184
346;186
346;122
346;159
346;47
347;97
347;171
347;173
347;62
347;47
348;16
348;48
348;17
348;88
348;90
348;28
348;29
348;31
349;113
349;145
349;147
349;53
349;134
349;152
349;91
349;140
349;124
349;93
350;65
350;97
350;170
350;27
350;60
351;32
351;97
351;129
351;145
351;147
351;165
351;41
351;105
351;62
352;135
352;121
353;50
353;51
353;53
353;41
353;140
354;152
355;165
356;16
356;97
356;17
356;117
356;105
356;90
356;141
356;46
357;17
357;178
357;165
357;90
358;32
358;50
358;99
358;35
358;4
358;40
358;9
358;43
358;12
358;62
359;114
359;124
360;65
360;53
360;152
360;153
360;43
360;156
361;16
361;17
361;87
361;88
361;89
361;46
362;65
362;99
362;5
362;8
362;153
362;41
362;61
362;63
363;146
363;99
363;165
363;153
363;157
364;17
364;122
365;81
365;131
365;165
365;47
366;160
366;65
366;129
366;131
366;180
366;152
366;153
366;43
366;156
366;158
366;78
367;47
368;128
368;41
368;105
368;26
368;63
369;17
369;165
369;120
369;171
369;174
370;96
370;129
370;152
370;153
370;154
370;27
370;123
370;62
371;20
371;87
371;90
371;123
371;79
371;15
371;47
372;100
373;81
373;82
373;165
373;166
373;23
373;120
373;73
373;91
374;134
375;146
375;82
375;153
375;157
375;95
375;47
376;114
376;100
377;16
377;17
377;81
377;89
377;122
377;141
377;47
378;100
378;165
378;87
378;122
378;123
379;32
379;6
379;40
379;41
379;105
379;75
379;140
379;12
379;110
379;14
379;81
379;51
379;54
379;55
379;122
379;91
379;62
379;95
380;16
380;81
380;174
380;111
380;47
381;153
382;144
382;97
382;149
382;71
382;25
382;59
382;140
382;76
383;115
383;116
383;165
383;159
383;127
384;160
384;165
385;120
385;111
386;112
386;165
386;118
386;106
386;109
387;114
387;87
387;167
387;88
388;144
388;4
388;53
388;101
388;102
388;40
388;58
389;17
389;89
389;91
389;47
390;17
390;152
391;88
392;129
392;4
392;53
392;165
392;101
392;102
392;40
392;58
393;4
393;53
393;71
393;152
393;154
393;59
393;140
393;76
393;62
394;65
394;53
394;5
394;152
394;154
394;43
394;156
395;83
395;165
395;92
396;16
396;90
396;47
397;34
397;47
398;16
398;83
399;128
399;65
399;130
399;105
399;75
399;140
399;108
399;83
399;54
399;23
399;153
399;154
399;123
399;62
400;16
400;97
400;81
400;23
400;120
400;174
401;131
401;53
401;158
401;62
402;165
402;118
402;47
403;16
403;17
403;114
403;88
403;89
403;90
403;47
404;113
404;18
404;147
404;165
404;42
404;12
405;65
405;97
405;34
405;101
405;102
405;140
405;76
405;144
405;53
405;152
405;153
405;59
405;60
405;157
405;62
406;100
406;47
407;81
407;187
408;81
408;135
408;121
409;96
409;114
410;130
410;152
410;110
411;32
411;105
411;140
411;141
411;110
411;62
412;165
412;89
413;81
413;83
413;88
414;100
414;174
415;152
416;16
416;100
416;87
416;89
416;105
416;46
416;111
416;15
417;17
417;88
417;89
417;45
417;111
418;16
418;88
418;90
418;45
418;46
418;15
418;47
419;98
419;4
419;53
419;40
419;41
419;140
419;76
420;83
420;131
420;4
420;53
420;101
420;8
420;120
420;41
420;43
420;62
421;144
421;4
421;53
421;101
421;102
421;40
421;8
421;58
422;16
422;47
423;129
423;53
423;165
423;101
423;168
423;123
423;111
424;130
424;54
424;152
424;41
424;105
424;75
424;60
424;141
425;16
425;17
425;81
425;131
425;135
425;8
425;120
425;121
425;185
425;174
425;47
426;50
426;67
426;68
426;53
426;41
426;43
426;60
426;12
426;62
427;129
427;165
427;168
427;123
427;111
428;96
428;114
428;95
429;17
429;165
429;47
430;65
430;129
430;81
430;99
430;165
430;152
430;121
430;153
430;154
430;157
430;62
431;99
431;165
431;153
432;19
432;131
432;53
432;25
432;92
433;16
433;47
434;34
434;4
434;6
434;39
434;40
434;43
434;60
434;62
434;95
435;81
435;165
435;8
435;123
436;178
436;101
436;152
436;8
436;120
437;17
437;81
437;18
437;82
437;131
437;22
437;153
437;89
437;107
438;89
439;89
440;33
440;60
440;62
441;32
441;128
441;65
441;130
441;41
441;105
441;140
441;141
441;110
441;145
441;147
441;53
441;54
441;60
442;149
442;152
442;153
442;59
442;140
442;76
443;65
443;129
443;145
443;81
443;162
443;114
443;131
443;165
443;120
443;62
443;111
444;81
444;178
444;19
444;20
444;25
444;92
445;96
445;97
445;92
446;41
447;65
447;153
447;154
448;97
448;130
448;54
448;105
448;26
448;141
448;110
448;62
449;16
449;17
449;18
449;84
449;88
449;28
449;31
449;47
450;20
450;87
450;79
450;15
451;100
451;149
451;25
451;122
451;90
452;16
452;17
452;120
452;88
452;90
452;79
452;47
453;54
453;110
454;16
454;81
454;167
454;89
454;90
454;14
454;47
455;17
455;81
455;100
455;165
455;170
455;123
455;46
455;47
456;65
456;81
456;179
456;100
456;120
456;185
456;123
456;108
456;111
457;129
457;177
457;81
457;146
457;131
457;165
457;135
457;121
457;171
457;173
457;157
458;81
458;83
458;100
458;165
458;120
458;95
459;16
459;89
459;47
460;81
460;100
460;165
460;120
460;89
461;16
461;176
461;65
461;17
461;81
461;100
461;182
461;120
461;105
461;170
461;123
461;47
462;81
462;82
462;165
462;104
462;126
463;33
463;81
463;50
463;165
463;89
463;12
464;96
464;17
464;88
464;90
464;91
464;123
464;174
465;96
465;97
465;53
465;92
465;111
466;128
466;81
466;50
466;82
466;165
466;23
466;40
466;89
466;12
467;16
467;87
467;25
467;90
467;92
468;129
468;145
468;162
468;18
468;153
468;105
468;47
469;65
469;81
469;178
469;165
469;120
469;89
469;123
470;160
470;17
470;89
470;105
470;90
471;18
471;165
471;91
471;43
471;12
472;16
472;165
472;90
472;31
473;96
473;97
473;81
473;165
473;8
473;120
473;171
473;59
473;108
474;97
474;81
474;50
474;18
474;82
474;120
474;90
474;42
474;123
474;141
474;110
474;62
475;81
475;50
475;34
475;82
475;99
475;22
475;79
476;17
476;81
476;83
476;165
476;47
477;176
477;81
477;83
477;165
477;184
477;120
477;153
477;89
477;170
477;123
477;140
478;81
478;147
478;100
478;123
478;79
478;47
479;16
479;160
479;81
479;115
479;83
479;179
479;180
479;165
480;17
480;81
480;83
480;22
480;104
480;153
480;90
480;107
481;17
481;81
481;100
481;165
481;89
481;47
482;17
482;165
482;60
482;61
482;47
483;96
483;65
483;129
483;33
483;34
483;99
483;165
483;136
483;120
484;16
484;81
484;146
484;131
484;135
484;121
484;89
484;122
484;157
485;65
485;129
485;100
485;53
485;136
485;89
485;62
485;111
486;129
486;81
486;50
486;82
486;83
486;4
486;100
486;185
486;89
486;123
487;81
487;83
487;165
487;23
487;151
487;153
487;41
487;89
487;91
487;141
487;62
488;128
488;17
488;81
488;178
488;100
488;8
488;105
488;123
488;108
489;81
489;82
489;99
489;100
489;165
489;105
489;27
490;16
490;17
490;114
490;88
490;90
490;46
490;111
490;15
491;65
491;97
491;81
491;100
491;171
491;141
492;16
492;81
492;114
492;18
492;147
492;89
492;105
492;91
493;16
493;17
493;47
494;81
494;50
494;2
494;165
494;137
494;153
494;26
494;140
494;12
495;16
495;99
495;165
495;137
495;105
495;154
495;123
495;125
495;47
496;81
496;18
496;165
496;104
496;107
497;146
497;131
497;135
497;121
497;47
498;81
498;114
498;120
498;105
498;91
498;123
498;111
498;47
499;81
499;50
499;4
499;40
499;104
499;41
499;90
500;176
500;177
500;81
500;114
500;100
500;134
500;7
500;23
500;88
500;123
501;81
501;82
501;100
501;123
502;16
502;112
502;81
502;115
502;179
502;118
502;183
502;122
503;16
503;112
503;97
503;81
503;50
503;165
503;167
503;120
503;110
504;65
504;81
504;100
504;120
504;27
504;123
504;158
505;128
505;99
505;53
505;165
505;41
506;16
506;112
506;81
506;18
506;131
506;182
506;186
506;106
506;109
506;46
507;16
507;90
507;171
508;160
508;145
508;81
508;18
508;100
508;91
509;16
509;17
509;81
509;115
509;83
509;179
509;131
509;183
509;184
509;159
510;81
510;98
510;178
510;18
510;147
510;165
510;171
511;16
511;96
511;17
511;87
511;46
511;111
512;16
512;97
512;81
512;120
512;105
512;123
512;111
512;47
513;171
514;53
514;92
515;96
515;128
515;81
515;83
515;105
515;154
515;91
515;62
515;95
516;81
516;99
516;83
516;131
516;22
517;163
517;131
517;100
517;165
517;25
517;92
517;108
518;81
518;99
518;153
518;105
518;171
518;79
519;65
519;81
519;114
519;100
520;65
520;129
520;100
520;53
520;165
520;89
520;105
520;123
520;62
520;111
521;65
521;81
521;99
521;100
521;165
521;8
521;153
521;89
521;105
522;65
522;129
522;100
522;53
522;185
522;105
522;62
522;111
523;65
523;17
523;81
523;114
523;100
523;165
523;120
523;47
524;81
524;2
524;99
524;148
524;100
524;165
524;150
524;105
524;123
524;140
524;156
525;16
525;97
525;81
525;167
525;105
525;171
525;123
526;65
526;81
526;99
526;100
526;165
526;105
526;44
526;111
527;65
527;81
527;83
527;165
527;153
527;89
527;105
528;65
528;81
528;83
528;100
528;165
528;111
528;47
529;65
529;129
529;81
529;165
529;23
529;153
529;89
529;105
529;141
530;97
530;81
530;120
530;89
530;90
530;47
531;17
531;81
531;162
531;131
531;169
531;47
532;160
532;81
532;82
532;99
532;83
532;100
532;55
532;154
533;16
533;17
533;81
533;114
533;100
533;165
533;8
533;89
533;122
533;111
533;47
534;16
534;17
534;81
534;162
534;171
534;47
535;17
535;146
535;131
535;135
535;47
536;16
536;96
536;81
536;83
536;165
536;120
536;154
536;122
536;95
537;32
537;81
537;50
537;162
537;18
537;165
537;135
537;105
537;157
538;16
538;81
538;147
538;165
538;23
538;88
538;105
538;174
539;16
539;81
539;114
539;100
539;90
539;123
539;47
540;65
540;81
540;114
540;100
540;165
540;123
541;97
541;81
541;130
541;23
541;120
541;105
541;90
541;123
541;60
541;62
542;16
542;17
542;81
542;165
542;120
542;171
542;47
543;128
543;65
543;129
543;147
543;83
543;100
543;153
543;154
543;171
543;173
544;16
544;160
544;81
544;115
544;165
544;118
544;182
544;88
545;161
545;19
545;85
545;92
545;108
546;65
546;81
546;18
546;82
546;83
546;100
547;97
547;81
547;83
547;100
547;166
547;123
547;60
547;108
547;62
548;96
548;33
548;81
548;34
548;83
548;136
548;105
548;95
549;81
549;84
549;28
549;31
550;97
550;81
550;165
550;89
550;105
550;90
551;16
551;17
551;177
551;81
551;100
551;88
551;105
551;95
551;47
552;16
552;81
552;131
552;165
552;121
552;47
553;87
554;128
554;65
554;129
554;145
554;18
554;147
554;4
554;120
554;41
554;140
554;141
554;62
555;81
555;165
555;23
555;136
555;40
555;29
555;157
556;90
557;17
557;81
557;105
557;174
557;47
558;65
558;17
558;81
558;100
558;165
558;153
558;47
559;65
559;129
559;145
559;178
559;100
559;165
559;136
559;152
559;120
559;60
559;47
560;81
560;165
560;40
560;153
560;140
560;62
561;163
561;131
561;100
561;85
561;25
561;108
562;81
562;99
562;137
562;153
562;105
562;27
563;65
563;129
563;99
563;53
563;165
563;152
563;105
563;123
563;140
563;62
563;111
564;65
564;129
564;131
564;140
564;76
564;141
564;144
564;145
564;147
564;53
564;120
564;25
564;122
564;58
564;59
565;16
565;96
565;19
565;105
565;46
566;65
566;2
566;98
566;34
566;99
566;4
566;100
566;165
566;105
566;82
566;53
566;89
566;123
567;129
567;81
567;82
567;100
567;47
568;81
568;162
568;114
568;100
568;165
568;153
568;158
568;95
569;16
569;97
569;81
569;165
569;166
569;167
569;120
569;185
569;90
569;110
570;160
570;81
570;18
570;131
570;180
570;165
570;135
570;121
570;158
571;16
571;81
571;84
571;28
571;31
571;47
572;129
572;81
572;178
572;146
572;165
572;135
572;120
572;89
572;91
572;123
572;157
573;16
573;81
573;18
573;84
573;165
573;90
573;28
573;29
573;31
574;16
574;17
574;81
574;100
574;88
574;90
574;47
575;81
575;131
575;165
575;135
575;121
575;122
576;128
576;97
576;165
576;89
576;105
576;27
576;141
577;65
577;81
577;162
577;114
577;100
577;8
577;123
577;111
578;16
578;17
578;81
578;132
578;90
578;91
578;123
578;141
578;62
578;47
579;16
579;17
579;162
579;114
579;178
579;100
579;123
579;47
580;163
580;131
580;100
580;165
580;24
580;92
580;108
581;96
581;81
581;147
581;100
581;165
581;120
581;123
582;97
582;145
582;81
582;120
582;141
582;110
583;65
583;129
583;145
583;50
583;2
583;131
583;53
583;165
583;152
583;158
584;81
584;18
584;89
584;105
584;171
584;123
584;111
584;47
585;87
585;88
586;16
586;65
586;33
586;81
586;34
586;136
586;120
586;89
586;26
586;111
586;47
587;96
587;97
587;81
587;114
587;178
587;100
587;120
587;105
587;91
587;123
587;111
588;16
588;112
588;160
588;17
588;81
588;83
588;179
588;118
588;183
588;122
588;157
588;159
589;65
589;81
589;99
589;100
589;165
589;89
589;105
590;17
590;90
590;47
591;83
591;100
591;53
591;165
591;152
591;154
591;158
592;65
592;81
592;100
592;88
592;170
592;47
593;16
593;65
593;81
593;114
593;100
593;123
593;108
594;16
594;96
594;81
594;165
594;120
594;89
594;91
594;123
595;17
595;81
595;83
595;88
595;157
595;95
595;47
596;90
596;47
597;65
597;177
597;81
597;162
597;114
597;100
597;89
598;16
598;17
598;165
598;89
598;91
598;123
598;47
599;129
599;145
599;81
599;162
599;165
599;152
599;153
599;141
600;160
600;129
600;145
600;81
600;99
600;100
600;165
600;89
600;105
600;91
600;123
601;17
601;81
601;100
601;165
601;184
601;141
601;95
601;47
602;16
602;17
602;81
602;105
602;47
603;131
603;25
604;129
604;17
604;100
604;167
605;17
606;162
606;114
606;165
606;89
607;81
607;82
607;99
607;100
607;165
607;105
607;95
608;16
608;65
608;81
608;83
608;131
608;100
608;105
608;141
608;158
609;47
610;129
610;165
610;118
610;122
610;157
610;78
611;128
611;65
611;129
611;145
611;100
611;185
612;16
612;129
612;81
612;18
612;100
613;17
613;47
614;16
614;81
614;165
614;120
614;89
614;105
614;141
614;62
614;47
615;16
615;17
615;165
615;89
615;105
615;47
616;96
616;65
616;97
616;100
616;165
616;105
616;16
616;17
616;81
616;83
616;120
616;91
616;123
617;16
617;17
617;167
617;120
617;91
618;16
618;17
618;88
618;105
618;90
618;171
618;47
619;65
619;82
619;165
619;89
620;113
620;81
620;165
620;120
620;90
620;123
620;141
620;62
621;96
621;53
621;58
621;140
622;16
622;97
622;81
622;89
622;105
622;90
622;123
622;47
623;65
623;83
623;100
623;165
623;153
623;105
623;154
623;171
623;107
623;111
624;81
624;183
624;136
624;137
624;89
624;105
624;26
624;157
624;125
624;47
625;81
625;50
625;114
625;34
625;2
625;146
625;35
625;165
625;26
626;16
627;81
627;83
627;100
627;165
627;123
627;140
627;95
628;16
628;17
628;81
628;114
628;100
628;165
628;90
628;47
629;160
629;81
629;131
629;180
629;165
629;135
629;157
629;111
630;16
630;47
631;81
631;18
631;88
631;153
631;89
631;122
631;174
631;47
632;16
632;128
632;81
632;89
632;90
632;91
632;174
632;47
633;16
633;96
633;120
633;90
633;174
633;46
633;111
633;15
634;149
634;22
635;102
636;149
636;154
636;62
637;79
638;23
638;41
639;4
639;43
640;81
640;102
640;40
640;123
641;149
641;40
641;59
641;140
641;76
642;12
642;156
643;130
643;20
643;54
643;110
644;19
644;92
644;111
645;79
645;15
646;16
646;17
646;179
646;180
646;118
646;88
646;122
646;90
646;106
646;109
646;15
646;47
647;16
647;81
647;89
647;92
648;16
648;17
648;90
648;111
648;47
649;50
650;12
651;8
651;43
651;14
652;97
652;153
653;25
653;153
653;59
653;76
654;65
654;148
654;152
654;153
654;154
654;106
654;109
655;66
655;54
655;141
656;16
656;65
656;153
656;154
656;156
657;16
657;96
657;17
657;185
657;89
657;90
657;111
657;47
658;97
658;101
658;8
658;46
658;47
658;17
658;81
658;147
658;120
658;88
658;90
658;122
658;91
658;123
659;87
660;16
660;17
660;179
660;89
660;90
660;47
661;87
661;89
661;105
661;90
661;46
662;16
662;17
662;178
662;179
662;183
662;122
662;90
662;109
662;46
662;47
663;16
663;96
663;17
663;177
663;88
663;122
663;90
663;47
664;16
664;49
664;18
664;167
664;89
664;90
665;17
665;118
665;90
665;106
665;171
665;109
665;46
665;79
665;15
665;47
666;16
666;17
666;90
666;47
667;15
668;16
668;81
668;49
668;50
668;18
668;82
668;83
668;153
668;90
668;27
668;140
669;17
669;81
669;114
669;88
669;89
669;47
670;16
670;17
670;88
670;90
670;108
670;47
671;178
671;131
671;87
671;153
671;185
671;105
671;90
671;45
672;16
672;17
672;23
672;89
672;111
672;47
673;16
673;17
673;100
673;88
673;89
673;123
673;47
674;16
674;65
674;17
674;88
674;89
674;46
675;16
675;17
675;89
675;90
675;46
676;16
676;96
676;17
676;88
676;90
676;171
676;188
676;47
677;17
677;147
677;88
677;89
677;105
677;123
677;47
678;16
678;64
678;49
678;82
678;99
678;166
678;8
678;88
678;122
678;90
678;27
679;16
679;96
679;17
679;177
679;118
679;88
679;122
679;90
679;47
680;160
680;17
680;89
680;90
680;26
680;27
680;47
681;16
681;17
681;177
681;88
681;122
681;90
681;171
681;47
682;16
682;96
682;97
682;17
682;178
682;118
682;88
682;90
682;123
682;46
683;16
683;17
683;178
683;118
683;8
683;88
683;90
683;171
683;46
684;16
684;81
684;50
684;40
684;120
684;89
684;90
684;47
685;87
686;16
686;17
686;114
686;117
686;89
686;90
686;46
686;111
687;16
687;48
687;177
687;49
687;167
687;88
687;185
687;90
688;16
688;96
688;97
688;17
688;20
688;166
688;120
688;123
688;46
689;112
689;17
689;179
689;89
689;122
689;90
689;106
689;109
689;47
690;16
690;17
690;120
690;88
690;89
690;90
690;47
691;96
691;97
691;81
691;25
691;171
691;92
691;111
692;16
692;17
692;114
692;88
692;89
692;47
693;16
693;17
693;81
693;88
693;89
693;90
693;47
694;97
694;20
694;88
694;46
694;15
695;16
695;17
695;162
695;88
695;90
695;188
695;79
695;47
696;17
696;114
696;34
696;88
696;89
696;90
697;88
697;89
697;29
697;45
697;46
697;15
697;47
698;16
698;96
698;17
698;18
698;120
698;88
698;185
698;105
698;90
698;171
698;173
698;47
699;16
699;17
699;81
699;100
699;88
699;89
699;105
699;90
699;123
699;47
700;16
700;96
700;17
700;178
700;120
700;88
700;90
700;173
700;46
701;96
701;17
701;122
701;90
701;106
701;109
701;111
701;95
701;47
702;16
702;17
702;23
702;120
702;90
702;174
702;111
702;175
702;47
703;96
703;97
703;88
703;171
703;123
703;174
703;46
703;15
704;16
704;17
704;82
704;117
704;89
704;90
704;47
705;46
705;15
706;16
706;17
706;81
706;49
706;88
706;90
707;16
707;17
707;49
707;90
707;171
708;16
708;17
708;177
708;87
708;89
708;90
708;47
709;112
709;17
709;183
709;184
709;122
709;90
709;106
709;109
709;46
709;47
710;16
710;17
710;120
710;90
710;171
710;174
710;47
711;16
711;17
711;120
711;89
711;90
711;171
711;111
711;47
712;16
712;112
712;17
712;131
712;180
712;183
712;184
712;89
712;90
712;106
712;109
712;47
713;16
713;17
713;134
713;90
713;46
714;97
714;81
714;25
714;58
714;140
714;92
714;111
715;17
715;177
715;118
715;88
715;185
715;90
715;140
715;29
715;174
715;46
716;16
716;17
716;83
716;88
716;89
716;46
717;16
717;17
717;88
717;89
717;122
717;90
717;46
718;16
718;17
718;87
718;89
718;90
718;47
719;17
719;90
719;106
719;109
719;47
720;16
720;96
720;97
720;17
720;88
720;90
720;91
720;123
720;47
721;16
721;17
721;180
721;89
721;90
721;47
722;87
723;16
723;17
723;177
723;183
723;184
723;120
723;122
723;90
723;47
724;97
724;87
724;89
724;90
724;171
724;46
724;15
724;47
725;16
725;17
725;89
725;90
725;47
726;16
726;17
726;114
726;117
726;89
726;90
726;46
726;111
727;16
727;17
727;162
727;88
727;90
727;46
727;47
728;16
728;96
728;49
728;18
728;147
728;89
728;105
728;91
728;123
728;95
729;16
729;17
729;82
729;131
729;87
729;120
729;153
729;90
729;171
729;46
729;111
730;16
730;17
730;178
730;87
730;167
730;89
730;122
730;90
730;47
731;15
732;85
733;16
733;88
733;90
733;46
734;17
734;118
734;88
734;185
734;90
734;140
734;29
734;46
734;47
735;16
735;96
735;17
735;88
735;89
735;90
735;111
735;47
736;16
736;17
736;89
736;90
736;111
736;47
737;17
737;114
737;51
737;88
737;89
737;90
737;47
738;88
739;81
739;25
739;58
739;140
739;92
739;111
740;177
740;81
740;19
740;24
740;25
740;90
740;92
741;16
741;17
741;177
741;114
741;88
741;90
741;47
742;16
742;96
742;17
742;162
742;89
742;90
742;47
743;16
743;17
743;81
743;49
743;131
743;165
743;167
743;121
743;90
743;171
743;47
744;97
744;120
744;88
744;90
744;123
744;15
744;47
745;16
745;17
745;88
745;89
745;90
745;171
745;173
745;47
746;16
746;17
746;82
746;131
746;167
746;40
746;88
746;89
746;170
746;47
747;16
747;17
747;145
747;90
747;155
747;111
747;47
748;16
748;89
748;90
748;171
748;15
748;47
749;16
749;17
749;179
749;122
749;90
749;106
749;109
749;47
750;16
750;17
750;88
750;90
750;106
750;109
750;111
750;47
751;16
751;17
751;114
751;117
751;166
751;88
751;90
751;47
752;17
752;132
752;166
752;88
752;90
752;111
752;47
753;88
754;16
754;97
754;17
754;23
754;89
754;90
754;111
754;47
755;16
755;96
755;17
755;114
755;89
755;90
755;123
755;111
755;47
756;16
756;96
756;17
756;114
756;88
756;122
756;90
756;47
757;171
758;16
758;176
758;96
758;17
758;114
758;88
758;90
758;46
758;47
759;16
759;17
759;114
759;122
759;90
759;123
759;47
760;17
760;100
760;90
760;46
760;79
760;47
761;16
761;17
761;114
761;132
761;88
761;90
761;46
762;87
763;16
763;128
763;17
763;147
763;83
763;90
763;140
763;111
763;47
764;128
764;97
764;17
764;147
764;88
764;90
764;123
764;46
764;47
765;16
765;17
765;23
765;89
765;90
765;123
765;47
766;16
766;112
766;17
766;122
766;90
766;106
766;109
766;46
767;19
767;20
767;100
767;24
767;25
767;171
767;108
768;16
768;17
768;177
768;8
768;88
768;122
768;90
768;174
768;111
768;47
769;16
769;96
769;17
769;117
769;185
769;122
769;90
769;47
770;16
770;81
770;87
770;88
770;90
770;15
770;47
771;16
771;17
771;88
771;89
771;90
771;111
771;47
772;16
772;96
772;17
772;114
772;167
772;120
772;25
772;122
772;90
772;123
772;111
772;47
773;17
773;114
773;179
773;88
773;89
773;90
773;106
773;109
773;62
773;47
774;16
774;18
774;85
774;167
774;88
774;89
774;90
774;47
775;16
775;17
775;121
775;89
775;90
775;171
775;47
776;16
776;17
776;89
776;171
776;79
776;47
777;16
777;176
777;177
777;178
777;118
777;88
777;153
777;90
777;126
777;46
778;163
778;19
778;20
778;100
778;25
778;170
778;171
778;108
779;16
779;17
779;89
779;90
779;111
779;47
780;16
780;17
780;88
780;89
780;90
780;46
780;15
780;47
781;114
781;20
781;21
781;166
781;87
781;88
781;45
781;79
781;15
782;16
782;17
782;120
782;88
782;90
782;171
782;47
783;171
783;15
784;112
784;83
784;179
784;180
784;88
784;122
784;90
784;106
784;109
784;46
785;16
785;17
785;89
785;90
785;47
786;16
786;96
786;17
786;88
786;169
786;90
786;123
786;47
787;16
787;17
787;131
787;135
787;121
787;89
787;90
787;47
788;16
788;83
788;88
788;89
788;47
789;19
789;20
789;25
789;111
790;17
790;88
790;29
790;46
790;47
791;16
791;17
791;114
791;88
791;90
791;123
791;46
791;47
792;17
792;89
792;90
792;106
792;109
792;47
793;88
793;15
794;16
794;96
794;17
794;166
794;90
794;46
795;16
795;17
795;177
795;180
795;118
795;88
795;122
795;90
795;47
796;16
796;96
796;17
796;184
796;122
796;90
796;46
797;16
797;17
797;81
797;87
797;89
797;90
797;47
798;16
798;96
798;17
798;178
798;120
798;90
798;173
798;46
798;111
799;16
799;96
799;17
799;88
799;89
799;123
799;47
800;16
800;17
800;118
800;88
800;185
800;90
800;140
800;29
800;47
801;114
801;82
801;90
801;111
802;16
802;49
802;18
802;88
802;89
802;154
803;16
803;17
803;180
803;135
803;183
803;121
803;90
803;109
803;47
804;16
804;49
804;18
804;82
804;83
804;89
804;90
805;16
805;17
805;114
805;90
805;171
805;47
806;112
806;17
806;177
806;88
806;90
806;106
806;171
806;109
806;46
807;96
807;97
807;81
807;25
807;58
807;140
807;92
807;111
808;96
808;177
808;81
808;179
808;131
808;85
808;8
808;25
808;153
808;90
808;92
809;16
809;17
809;89
809;90
809;124
809;47
810;17
810;166
810;120
810;88
810;90
810;123
810;47
811;16
811;17
811;90
811;47
812;16
812;96
812;17
812;183
812;119
812;184
812;88
812;122
812;90
812;47
813;16
813;17
813;167
813;89
813;105
813;90
813;45
813;46
813;47
814;16
814;17
814;89
814;90
814;47
815;16
815;96
815;17
815;114
815;88
815;89
815;90
815;123
815;47
816;16
816;17
816;81
816;89
816;174
816;111
816;79
816;47
817;16
817;17
817;177
817;118
817;88
817;122
817;90
817;47
818;16
818;96
818;17
818;114
818;88
818;90
818;47
819;16
819;96
819;17
819;166
819;89
819;111
819;47
820;79
821;96
821;135
821;170
821;106
821;15
821;47
821;16
821;17
821;180
821;183
821;184
821;88
821;90
821;122
822;160
822;17
822;146
822;100
822;166
822;90
822;171
822;47
823;16
823;17
823;118
823;89
823;122
823;90
823;47
824;16
824;17
824;81
824;50
824;82
824;89
824;90
824;171
825;16
825;18
825;83
825;167
825;88
825;89
825;47
826;16
826;96
826;17
826;89
826;90
826;47
827;16
827;96
827;17
827;20
827;120
827;174
827;46
827;111
828;16
828;176
828;17
828;81
828;83
828;88
828;89
828;47
829;96
829;106
829;109
829;47
829;16
829;112
829;17
829;179
829;183
829;119
829;90
829;186
829;122
829;127
830;16
830;17
830;89
830;122
830;90
830;47
831;16
831;17
831;162
831;88
831;90
831;171
831;123
831;47
832;16
832;96
832;17
832;117
832;120
832;88
832;90
832;171
832;79
832;47
833;16
833;17
833;166
833;25
833;90
833;123
833;47
834;16
834;17
834;178
834;135
834;121
834;89
834;90
834;47
835;15
836;16
836;17
836;114
836;88
836;89
836;47
837;17
837;81
837;88
837;90
837;123
837;174
837;46
837;47
838;16
838;96
838;17
838;178
838;120
838;171
838;111
838;47
839;17
839;179
839;183
839;89
839;90
839;46
840;16
840;17
840;184
840;89
840;90
840;106
840;109
840;47
841;16
841;17
841;89
841;90
841;47
842;96
842;100
842;171
842;174
842;47
842;16
842;17
842;177
842;145
842;114
842;120
842;25
842;89
842;90
842;122
842;155
842;95
843;16
843;17
843;147
843;88
843;89
843;90
843;171
843;123
843;62
843;47
844;130
844;41
844;59
844;140
844;76
845;66
845;130
845;54
845;23
845;75
845;43
845;172
845;110
846;53
846;54
846;23
846;41
846;140
846;12
846;141
847;128
847;54
847;151
847;41
848;96
848;97
848;178
848;143
849;97
849;53
849;149
849;150
849;71
849;76
850;32
850;5
850;54
850;141
850;110
851;96
851;40
851;8
851;120
851;174
852;144
852;102
852;153
852;154
852;62
853;130
853;54
853;140
853;110
854;149
854;59
854;76
854;143
855;153
855;154
855;42
855;156
856;130
856;5
856;54
856;26
856;140
856;110
857;96
857;100
857;149
857;101
857;152
857;120
857;41
857;58
857;143
858;65
858;51
858;4
858;152
858;153
858;60
858;156
858;141
859;144
859;129
859;100
859;102
859;152
859;120
859;153
859;73
859;110
860;65
860;149
860;102
860;25
860;153
860;59
860;76
861;148
861;140
862;53
862;40
862;153
862;12
862;156
862;62
862;63
863;146
863;147
863;153
863;89
863;154
863;123
863;63
864;153
864;105
864;154
864;42
864;123
864;60
864;157
864;158
864;62
865;8
865;120
865;154
865;158
866;18
866;147
866;54
866;42
867;65
867;149
867;140
867;76
868;65
868;152
868;153
868;154
868;90
868;123
868;63
869;96
869;97
869;53
869;149
869;71
869;154
869;60
869;62
869;111
870;147
870;152
870;153
870;41
870;154
870;123
870;156
870;158
871;177
871;88
871;153
871;122
871;171
872;41
873;41
874;64
874;104
874;42
874;12
875;53
875;153
875;59
875;140
875;76
875;62
876;32
876;97
876;130
876;23
876;136
876;26
877;100
877;53
877;149
877;59
877;140
877;76
878;65
878;50
878;53
878;123
878;62
879;162
879;83
879;20
879;88
879;15
880;16
880;17
880;87
880;171
880;173
880;45
880;79
880;47
881;131
881;71
881;73
881;76
881;143
881;144
881;52
881;152
881;88
881;153
881;154
881;59
881;60
881;62
882;16
882;81
882;88
882;90
882;15
882;47
883;1
883;179
883;100
883;117
883;25
883;91
883;43
883;76
884;65
884;4
884;53
884;152
884;43
884;62
885;16
885;48
885;20
885;166
885;87
885;171
885;15
886;20
886;87
886;90
886;171
886;45
886;111
886;79
886;15
887;155
888;8
889;8
890;17
891;51
891;4
891;5
891;42
891;123
891;62
892;144
892;65
892;53
892;149
892;71
892;8
892;25
892;73
892;59
892;140
892;76
893;48
893;20
893;85
893;87
893;88
893;169
893;171
893;15
894;2
894;181
895;65
895;4
895;118
895;56
895;123
895;60
896;114
896;148
896;22
897;54
897;23
897;41
897;75
897;43
897;110
898;80
898;96
898;97
898;19
898;20
898;53
898;25
898;58
898;111
899;4
899;5
899;40
899;168
899;105
899;43
899;53
899;85
899;153
899;185
899;26
899;27
899;60
899;124
899;62
900;59
900;140
900;76
901;68
901;135
901;60
901;159
902;82
902;53
902;5
902;152
902;8
902;153
902;154
902;43
902;60
902;156
902;63
903;20
903;87
903;88
903;45
903;15
904;16
904;81
904;114
904;20
904;87
904;88
904;90
904;111
905;66
905;181
906;16
906;17
906;89
906;47
907;53
907;149
907;59
907;140
907;76
907;62
908;65
908;131
908;100
908;102
908;71
908;140
908;76
908;143
908;144
908;149
908;150
908;25
908;62
909;140
909;76
909;62
910;2
911;32
912;178
913;101
913;8
913;78
913;143
913;177
913;178
913;147
913;148
913;149
913;151
913;120
913;25
913;122
914;80
914;19
914;20
914;25
914;92
914;111
915;48
915;20
915;132
915;87
915;167
915;88
915;171
915;188
915;111
915;15
916;165
917;65
917;83
917;4
917;53
917;152
917;25
917;153
917;41
917;62
918;177
918;83
918;117
918;53
919;177
919;114
919;178
919;167
919;8
920;42
920;76
921;4
921;53
921;5
921;41
921;42
921;62
921;127
922;34
922;4
922;70
923;65
923;4
923;53
923;43
923;62
924;130
924;131
924;54
924;23
924;184
924;8
924;26
924;75
924;140
924;110
925;50
925;131
925;40
925;121
925;185
925;41
925;27
925;43
925;140
925;77
926;144
926;65
926;149
926;73
926;59
926;140
926;76
926;143
927;113
927;179
927;182
928;129
928;99
928;84
928;7
928;11
928;188
928;29
928;175
929;65
929;165
929;171
929;46
929;111
929;47
929;79
929;17
929;18
929;20
929;53
929;120
929;88
930;65
930;97
930;149
930;71
930;8
930;59
930;140
930;76
930;62
931;65
931;50
931;147
931;4
931;53
931;5
931;153
931;41
931;60
931;141
931;62
932;177
932;122
933;153
933;105
933;154
934;144
934;65
934;59
934;140
934;76
934;62
935;16
935;67
935;84
935;89
935;122
935;188
935;111
936;59
936;140
936;76
937;180
937;184
938;16
938;17
938;89
938;90
938;47
939;20
939;87
939;88
939;171
939;45
939;79
939;15
940;99
940;4
940;53
940;43
940;12
940;141
940;77
940;62
941;65
941;99
941;5
941;40
941;153
941;41
941;61
942;149
942;150
942;71
942;153
942;59
942;140
942;76
942;62
943;17
943;165
943;90
943;108
943;47
944;152
944;59
944;140
944;76
944;62
945;144
945;65
945;149
945;71
945;73
945;59
945;140
945;76
946;131
946;4
946;53
946;5
946;41
946;62
946;159
947;48
947;20
947;85
947;87
947;167
947;171
947;15
948;100
948;59
948;140
948;76
948;62
949;50
949;131
949;4
949;53
949;5
949;120
949;41
949;43
949;12
949;62
949;159
949;127
950;69
950;53
950;70
950;89
950;138
950;44
950;93
950;95
951;52
951;53
952;65
952;50
952;34
952;5
952;152
952;120
952;153
952;185
952;41
952;141
952;62
953;96
953;97
953;53
953;149
953;102
953;150
953;59
953;62
953;143
954;65
954;53
954;5
954;152
954;153
954;41
954;141
954;62
955;160
955;178
955;146
955;39
955;8
955;120
955;78
956;65
956;129
956;71
956;140
956;76
956;144
956;145
956;53
956;150
956;54
956;25
956;59
956;60
956;62
957;65
957;25
957;153
957;73
957;154
957;26
957;59
957;140
957;76
958;53
958;150
958;71
958;153
958;154
958;59
958;140
958;76
959;65
959;100
959;53
959;102
959;152
959;154
959;59
959;140
959;60
959;76
959;62
960;97
960;149
960;71
960;120
960;140
960;60
960;76
961;53
961;5
961;41
961;60
961;62
962;32
962;99
962;4
963;20
963;100
963;88
963;90
963;45
964;83
964;131
964;152
964;121
964;153
964;154
964;42
964;109
964;63
965;16
965;17
965;162
965;87
965;90
965;45
965;46
965;15
965;47
966;96
966;41
966;141
966;62
966;63
967;130
967;147
967;53
967;153
967;43
967;60
967;141
967;62
968;65
968;4
968;53
968;85
968;43
968;60
968;62
969;17
969;81
969;20
969;165
969;89
969;47
970;16
970;128
970;17
970;18
970;130
970;165
970;89
970;141
970;47
971;100
971;101
971;41
971;59
972;4
972;5
972;41
973;144
973;65
973;59
973;140
973;76
974;65
974;53
974;149
974;71
974;59
974;140
974;76
974;62
975;114
975;4
975;5
975;40
975;41
975;105
975;26
975;43
975;60
975;62
976;65
976;53
976;5
976;60
976;141
976;62
977;100
977;149
977;102
977;8
977;122
977;59
977;140
977;60
977;76
977;62
978;149
978;71
978;59
978;76
978;62
979;178
979;20
979;101
979;5
979;152
979;8
979;153
979;12
979;156
979;141
980;144
980;65
980;136
980;41
980;89
980;140
980;157
980;158
981;80
981;96
981;81
981;19
981;20
981;90
981;92
982;17
982;162
982;89
982;46
983;99
983;53
983;5
983;140
983;12
983;62
983;63
984;65
984;4
984;101
984;5
984;102
984;71
984;41
984;43
984;141
984;174
984;115
984;116
984;53
984;149
984;23
984;152
984;25
984;62
984;159
985;144
985;65
985;100
985;149
985;134
985;150
985;71
985;25
985;140
985;76
985;143
986;164
986;53
986;62
987;20
987;87
987;45
987;175
987;79
987;15
988;167
988;171
988;188
988;45
988;15
989;32
989;48
989;20
989;87
989;88
989;171
989;43
989;15
990;20
990;87
990;88
990;171
990;45
990;15
991;81
991;162
991;83
991;4
991;165
992;165
993;65
993;4
993;53
993;41
993;42
993;123
993;60
993;62
994;144
994;97
994;53
994;149
994;102
994;71
994;59
994;140
994;76
994;62
994;143
995;32
995;18
995;4
995;40
995;41
995;43
995;60
995;61
996;17
996;20
996;87
996;88
996;188
996;29
996;45
996;46
997;65
997;4
997;53
997;43
997;62
998;16
998;17
998;81
998;20
998;87
998;88
998;45
998;15
999;69
999;39
999;137
999;41
999;138
999;125
1000;82
1000;79
1001;48
1001;20
1001;87
1001;171
1001;111
1001;79
1001;15
1002;4
1002;39
1002;40
1002;41
1002;105
1002;60
1002;62
1003;16
1003;17
1003;89
1003;90
1003;175
1003;47
1004;97
1004;4
1004;166
1004;71
1004;8
1004;140
1004;76
1004;143
1004;144
1004;53
1004;149
1004;150
1004;152
1004;25
1004;59
1005;65
1005;4
1005;53
1005;43
1005;62
1006;131
1006;4
1006;53
1006;152
1006;43
1006;158
1007;65
1007;97
1007;100
1007;53
1007;73
1007;59
1007;140
1007;76
1008;65
1008;4
1008;5
1008;71
1008;43
1008;140
1008;76
1008;53
1008;23
1008;154
1008;59
1008;60
1008;62
1009;65
1009;5
1009;104
1009;153
1009;41
1009;42
1009;156
1009;61
1009;63
1010;65
1010;120
1010;41
1010;12
1010;14
1010;47
1011;113
1011;54
1011;23
1011;151
1011;153
1011;26
1011;141
1011;62
1012;32
1012;131
1012;23
1012;41
1012;73
1012;140
1013;65
1013;4
1013;53
1013;152
1013;72
1013;153
1013;154
1013;43
1013;158
1013;62
1014;4
1014;53
1014;136
1014;41
1014;62
1015;97
1015;165
1016;67
1016;52
1016;53
1016;56
1016;43
1016;12
1016;44
1016;111
1017;4
1017;53
1017;5
1017;152
1017;153
1017;154
1017;123
1017;43
1017;156
1017;62
1018;65
1018;4
1018;53
1018;43
1018;60
1018;62
1019;97
1019;130
1019;4
1019;5
1019;134
1019;43
1019;141
1019;82
1019;84
1019;53
1019;86
1019;153
1019;156
1020;156
1021;129
1021;53
1021;23
1021;41
1021;26
1021;141
1021;62
1021;63
1022;144
1022;65
1022;53
1022;149
1022;152
1022;59
1022;140
1022;76
1022;62
1023;65
1023;129
1023;34
1023;4
1023;53
1023;8
1023;153
1023;122
1023;58
1023;43
1023;62
1024;65
1024;4
1024;53
1024;166
1024;120
1024;153
1024;41
1024;156
1024;141
1024;62
1024;175
1025;23
1025;151
1025;41
1025;105
1025;62
1025;63
1026;162
1026;179
1026;180
1026;87
1026;184
1026;106
1026;109
1026;46
1026;79
1027;65
1027;129
1027;53
1027;101
1027;123
1028;115
1028;4
1028;116
1028;53
1028;5
1028;182
1028;43
1028;62
1029;65
1029;177
1029;4
1029;53
1029;5
1029;43
1029;60
1029;62
1030;4
1030;53
1030;90
1030;43
1030;62
1031;65
1031;100
1031;53
1031;149
1031;71
1031;25
1031;59
1031;140
1031;76
1032;52
1032;68
1032;53
1032;56
1032;43
1032;14
1033;65
1033;4
1033;53
1033;5
1033;43
1033;60
1033;62
1034;65
1034;107
1035;81
1035;18
1035;20
1035;100
1035;88
1035;90
1035;171
1035;123
1035;45
1035;79
1036;65
1036;53
1036;153
1036;59
1036;140
1036;76
1036;62
1037;16
1037;17
1037;88
1037;89
1037;123
1037;47
1038;65
1038;4
1038;53
1038;43
1038;62
1039;32
1039;50
1039;130
1039;54
1039;136
1039;26
1039;74
1039;75
1040;81
1040;18
1040;100
1040;47
1041;32
1041;131
1041;54
1041;23
1041;8
1041;140
1042;53
1042;60
1042;62
1043;32
1043;130
1043;131
1043;41
1043;73
1043;75
1043;140
1044;65
1044;4
1044;53
1044;5
1044;43
1044;60
1044;62
1045;96
1045;65
1045;129
1045;4
1045;53
1045;101
1045;40
1045;62
1046;65
1046;4
1046;53
1046;43
1046;62
1047;97
1047;82
1047;83
1047;4
1047;53
1047;5
1047;122
1047;43
1047;62
1048;16
1048;81
1048;90
1048;91
1049;53
1049;5
1049;40
1049;153
1049;41
1049;43
1049;60
1049;110
1050;20
1050;180
1050;87
1050;168
1050;88
1050;171
1050;45
1050;15
1051;16
1051;87
1051;8
1051;88
1051;89
1051;79
1051;47
1052;65
1052;114
1052;83
1052;165
1052;101
1052;89
1052;122
1053;4
1053;134
1053;39
1053;23
1053;60
1053;12
1054;129
1054;53
1054;165
1054;101
1054;168
1054;122
1055;65
1055;4
1055;53
1055;43
1055;62
1056;4
1056;53
1056;121
1056;89
1056;43
1056;62
1056;111
1057;20
1057;87
1057;88
1057;171
1057;45
1057;79
1057;15
1058;134
1058;136
1058;41
1058;43
1058;60
1059;82
1059;99
1059;4
1059;7
1059;120
1059;43
1059;60
1059;12
1059;111
1060;165
1061;65
1061;114
1062;152
1062;153
1062;154
1062;59
1062;140
1062;76
1062;143
1063;149
1063;71
1063;25
1063;59
1063;140
1063;76
1063;62
1064;97
1064;53
1064;154
1064;59
1064;140
1064;76
1064;62
1065;65
1065;131
1065;53
1065;23
1065;41
1065;75
1066;20
1066;87
1066;88
1066;171
1066;45
1066;15
1067;88
1067;45
1067;79
1067;47
1068;176
1068;165
1068;183
1068;122
1069;20
1069;87
1069;88
1069;171
1069;45
1069;79
1069;15
1070;48
1070;20
1070;132
1070;87
1070;171
1070;15
1071;178
1071;20
1071;87
1071;88
1071;171
1071;45
1071;79
1071;15
1072;16
1072;48
1072;49
1072;20
1072;87
1072;88
1072;15
1073;48
1073;20
1073;85
1073;87
1073;171
1073;15
1074;16
1074;96
1074;20
1074;100
1074;87
1074;88
1074;90
1074;171
1074;45
1074;79
1074;15
1075;48
1075;20
1075;132
1075;87
1075;169
1075;188
1075;45
1075;15
1076;20
1076;87
1076;88
1076;171
1076;45
1076;15
1077;16
1077;49
1077;22
1077;88
1077;89
1078;48
1078;20
1078;85
1078;87
1078;171
1078;15
1079;8
1080;32
1080;81
1080;50
1080;99
1080;165
1080;23
1080;41
1080;43
1081;20
1081;87
1081;90
1081;45
1081;111
1081;79
1082;81
1082;131
1082;135
1082;121
1082;90
1082;171
1082;47
1083;83
1083;100
1083;53
1083;165
1083;152
1083;154
1083;158
1084;16
1084;160
1084;81
1084;83
1084;180
1084;165
1084;118
1084;183
1084;184
1084;186
1084;157
1084;159
1085;161
1085;97
1085;163
1085;19
1085;131
1085;180
1085;85
1085;184
1085;25
1085;111
1086;65
1086;81
1086;114
1086;100
1086;36
1087;81
1087;114
1087;100
1087;47
1088;81
1088;162
1088;18
1088;147
1088;83
1088;100
1088;165
1088;120
1088;60
1088;47
1089;20
1089;87
1089;88
1089;45
1089;79
1089;15
1090;162
1090;117
1090;118
1090;109
1090;175
1091;16
1091;90
1091;79
1091;47
1092;65
1092;35
1092;100
1092;165
1092;136
1092;105
1092;172
1092;111
1092;81
1092;183
1092;89
1092;26
1092;27
1092;62
1093;16
1093;96
1093;17
1093;178
1093;180
1093;166
1093;167
1093;89
1093;90
1093;47
1094;176
1094;161
1094;163
1094;131
1094;165
1094;120
1094;58
1094;108
1094;174
1095;16
1095;20
1095;87
1095;171
1095;45
1095;79
1095;15
1096;97
1096;17
1096;114
1096;20
1096;166
1096;120
1096;88
1096;90
1096;45
1096;46
1096;79
1096;15
1097;81
1097;100
1097;89
1097;90
1097;47
1098;81
1098;146
1098;99
1098;23
1098;167
1098;89
1098;27
1099;17
1099;81
1099;20
1099;88
1099;89
1099;171
1099;124
1099;93
1099;45
1099;79
1099;15
1099;47
1100;16
1100;96
1100;81
1100;89
1100;90
1100;171
1100;47
1101;16
1101;97
1101;17
1101;81
1101;120
1101;89
1101;174
1101;47
1102;81
1102;114
1102;2
1102;165
1102;123
1102;95
1103;16
1103;20
1103;87
1103;88
1103;90
1103;45
1103;15
1104;82
1104;20
1104;167
1104;45
1104;47
1105;114
1105;100
1105;165
1105;158
1106;81
1106;178
1106;100
1106;120
1106;123
1106;111
1106;95
1107;16
1107;97
1107;81
1107;166
1107;120
1107;105
1107;123
1108;81
1108;146
1108;165
1108;135
1108;121
1108;89
1108;122
1108;157
1109;16
1109;81
1109;115
1109;179
1109;116
1109;118
1109;184
1109;186
1110;114
1110;100
1110;122
1110;123
1110;108
1111;16
1111;81
1111;18
1111;115
1111;118
1112;81
1112;98
1112;165
1112;89
1112;105
1112;123
1113;16
1113;20
1113;88
1113;45
1113;79
1113;15
1114;16
1114;112
1114;17
1114;90
1114;106
1114;109
1114;111
1114;47
1115;16
1115;81
1115;82
1115;51
1115;83
1115;41
1115;12
1116;96
1116;65
1116;165
1116;120
1116;105
1116;123
1116;111
1117;178
1117;120
1117;122
1117;111
1118;16
1118;165
1118;137
1118;138
1118;123
1118;125
1119;96
1119;20
1119;87
1119;122
1119;171
1119;45
1119;79
1119;15
1120;16
1120;17
1120;88
1120;89
1120;90
1120;47
1121;20
1121;87
1121;88
1121;171
1121;45
1121;15
1122;20
1122;87
1122;171
1122;45
1122;79
1122;15
1123;16
1123;17
1123;114
1123;88
1123;90
1123;47
1124;48
1124;20
1124;85
1124;87
1124;169
1124;171
1124;79
1124;15
1125;16
1125;17
1125;90
1125;106
1125;109
1125;78
1125;46
1125;47
1126;129
1126;81
1126;87
1126;23
1126;88
1126;90
1126;15
1127;20
1127;87
1127;88
1127;171
1127;45
1127;15
1128;20
1128;166
1128;87
1128;171
1128;173
1128;45
1128;111
1128;79
1128;15
1129;20
1129;132
1129;87
1129;170
1129;171
1129;188
1129;45
1129;15
1130;80
1130;19
1130;20
1131;48
1131;20
1131;85
1131;87
1131;171
1131;15
1132;20
1132;87
1132;88
1132;90
1132;171
1132;45
1132;15
1133;48
1133;20
1133;88
1133;29
1133;46
1133;15
1134;20
1134;87
1134;88
1134;90
1134;171
1134;45
1134;79
1134;15
1135;16
1135;17
1135;178
1135;89
1135;90
1135;47
1136;16
1136;96
1136;17
1136;162
1136;88
1136;90
1136;171
1136;46
1136;47
1137;16
1137;17
1137;114
1137;88
1137;90
1137;47
1138;20
1138;87
1138;167
1138;171
1138;45
1138;79
1138;15
1139;20
1139;166
1139;87
1139;171
1139;45
1139;111
1139;79
1139;15
1140;96
1140;17
1140;87
1140;90
1140;46
1140;79
1140;47
1141;16
1141;17
1141;89
1141;90
1141;47
1142;16
1142;17
1142;101
1142;8
1142;120
1142;174
1142;111
1142;47
1143;16
1143;17
1143;89
1143;90
1143;47
1144;16
1144;96
1144;17
1144;89
1144;90
1144;47
1145;16
1145;17
1145;89
1145;90
1145;46
1145;47
1146;16
1146;96
1146;49
1146;18
1146;89
1146;90
1146;91
1146;123
1147;16
1147;17
1147;88
1147;89
1147;90
1147;46
1148;16
1148;112
1148;17
1148;81
1148;179
1148;122
1148;90
1148;106
1148;109
1148;47
1149;16
1149;17
1149;178
1149;89
1149;90
1149;171
1149;46
1150;16
1150;17
1150;82
1150;22
1150;168
1150;88
1150;89
1150;46
1151;16
1151;17
1151;131
1151;135
1151;169
1151;122
1151;90
1151;47
1152;16
1152;17
1152;89
1152;90
1152;46
1152;47
1153;96
1153;177
1153;87
1153;120
1153;88
1153;122
1153;123
1153;45
1153;111
1154;16
1154;17
1154;90
1154;46
1155;16
1155;17
1155;178
1155;89
1155;46
1155;47
1156;96
1156;129
1156;87
1156;90
1156;45
1156;174
1156;79
1156;15
1157;17
1157;120
1157;88
1157;89
1157;90
1157;123
1157;47
1158;16
1158;48
1158;82
1158;20
1158;166
1158;87
1158;171
1158;15
1159;16
1159;96
1159;17
1159;88
1159;90
1159;171
1159;123
1159;174
1159;47
1160;16
1160;17
1160;89
1160;90
1160;171
1160;47
1161;16
1161;96
1161;17
1161;178
1161;118
1161;90
1161;46
1162;16
1162;17
1162;88
1162;90
1162;123
1162;111
1163;16
1163;17
1163;89
1163;90
1163;111
1163;47
1164;16
1164;17
1164;178
1164;88
1164;89
1164;90
1164;46
1164;47
1165;16
1165;17
1165;166
1165;120
1165;89
1165;111
1165;47
1166;17
1166;81
1166;88
1166;89
1166;90
1166;47
1167;16
1167;17
1167;137
1167;89
1167;105
1167;90
1167;47
1168;16
1168;96
1168;17
1168;178
1168;90
1168;123
1168;47
1169;85
1169;87
1169;171
1169;45
1169;111
1169;15
1170;16
1170;17
1170;88
1170;89
1170;90
1170;47
1171;16
1171;96
1171;17
1171;120
1171;90
1171;46
1172;16
1172;17
1172;114
1172;90
1172;123
1172;111
1172;47
1173;16
1173;17
1173;90
1173;47
1174;20
1174;87
1174;88
1174;45
1174;15
1175;20
1175;87
1175;88
1175;90
1175;171
1175;45
1175;79
1175;15
1176;16
1176;49
1176;18
1176;88
1176;90
1177;16
1177;49
1177;2
1177;82
1177;83
1177;88
1177;89
1178;20
1178;87
1178;88
1178;45
1178;15
1179;16
1179;17
1179;81
1179;167
1179;89
1179;90
1179;47
1180;96
1180;117
1180;88
1180;122
1180;171
1180;45
1180;174
1180;15
1181;96
1181;17
1181;180
1181;122
1181;90
1181;111
1181;47
1182;16
1182;49
1182;18
1182;88
1182;89
1183;17
1183;88
1183;90
1183;123
1183;174
1183;46
1183;47
1184;178
1184;20
1184;87
1184;88
1184;45
1184;15
1185;114
1185;166
1185;90
1185;123
1185;46
1185;111
1186;20
1186;87
1186;88
1186;171
1186;45
1186;15
1187;16
1187;17
1187;82
1187;8
1187;120
1187;88
1187;89
1187;171
1187;174
1187;46
1188;17
1188;81
1188;88
1188;89
1188;29
1188;47
1189;16
1189;17
1189;178
1189;89
1189;90
1189;47
1190;16
1190;17
1190;89
1190;90
1190;46
1190;47
1191;16
1191;17
1191;88
1191;89
1191;90
1191;47
1192;16
1192;96
1192;65
1192;97
1192;17
1192;88
1192;91
1192;123
1192;47
1193;16
1193;17
1193;90
1193;47
1194;16
1194;96
1194;17
1194;88
1194;122
1194;90
1194;171
1194;123
1194;111
1195;20
1195;88
1195;171
1195;45
1195;79
1195;15
1196;16
1196;17
1196;82
1196;88
1196;89
1196;174
1196;46
1197;16
1197;17
1197;89
1197;90
1197;46
1197;47
1198;16
1198;17
1198;89
1198;90
1198;47
1199;16
1199;17
1199;114
1199;89
1199;111
1199;47
1200;16
1200;96
1200;17
1200;89
1200;90
1200;47
1201;16
1201;81
1201;18
1201;167
1201;120
1201;89
1201;47
1202;16
1202;96
1202;17
1202;89
1202;90
1202;47
1203;16
1203;17
1203;89
1203;90
1203;47
1204;20
1204;87
1204;88
1204;171
1204;45
1204;79
1204;15
1205;16
1205;17
1205;114
1205;89
1205;90
1205;47
1206;178
1206;20
1206;87
1206;171
1206;45
1206;79
1206;15
1207;16
1207;88
1207;89
1207;90
1207;46
1208;96
1208;17
1208;120
1208;88
1208;90
1208;123
1208;46
1209;65
1209;50
1209;136
1209;104
1209;153
1209;42
1209;10
1209;12
1209;77
1210;16
1210;83
1210;88
1210;90
1210;171
1210;107
1210;47
1211;16
1211;17
1211;100
1211;117
1211;88
1211;90
1211;106
1211;123
1211;109
1211;47
1212;17
1212;81
1212;114
1212;136
1212;88
1212;137
1212;90
1212;47
1213;20
1213;87
1213;88
1213;171
1213;123
1213;45
1213;79
1213;15
1214;46
1215;16
1215;17
1215;89
1215;90
1215;47
1216;16
1216;17
1216;23
1216;89
1216;111
1216;47
1217;16
1217;97
1217;17
1217;114
1217;178
1217;166
1217;120
1217;89
1217;123
1217;47
1218;16
1218;81
1218;49
1218;18
1218;167
1218;41
1218;89
1219;16
1219;17
1219;177
1219;88
1219;90
1219;46
1219;111
1220;16
1220;96
1220;17
1220;120
1220;90
1220;174
1220;111
1220;47
1221;16
1221;17
1221;89
1221;90
1221;47
1222;16
1222;17
1222;89
1222;90
1222;47
1223;88
1223;90
1223;29
1224;16
1224;17
1224;83
1224;166
1224;88
1224;89
1224;46
1225;16
1225;17
1225;114
1225;89
1225;123
1225;46
1225;111
1225;47
1226;97
1226;17
1226;88
1226;89
1226;90
1226;171
1226;47
1227;96
1227;97
1227;120
1227;88
1227;123
1227;46
1227;111
1228;16
1228;17
1228;114
1228;89
1228;90
1228;111
1228;79
1228;95
1228;47
1229;16
1229;17
1229;8
1229;120
1229;88
1229;89
1229;171
1229;174
1229;47
1230;16
1230;49
1230;18
1230;88
1230;89
1231;16
1231;17
1231;90
1231;45
1231;46
1231;47
1232;16
1232;17
1232;82
1232;88
1232;89
1232;90
1232;47
1233;16
1233;17
1233;89
1233;90
1233;47
1234;16
1234;17
1234;81
1234;88
1234;89
1234;90
1234;29
1234;47
1235;16
1235;17
1235;88
1235;90
1235;111
1235;47
1236;16
1236;17
1236;166
1236;88
1236;89
1236;105
1236;90
1236;47
1237;16
1237;17
1237;88
1237;89
1237;90
1237;47
1238;20
1238;132
1238;87
1238;171
1238;188
1238;45
1238;15
1239;32
1239;66
1239;54
1239;23
1239;140
1239;110
1240;66
1241;96
1241;132
1241;166
1241;168
1241;169
1241;171
1241;173
1241;45
1241;174
1241;111
1241;175
1241;15
1241;79
1241;178
1241;20
1241;87
1241;88
1241;122
1242;96
1242;114
1242;20
1242;87
1242;171
1242;45
1242;111
1242;79
1242;15
1243;132
1243;166
1243;167
1243;168
1243;169
1243;171
1243;45
1243;174
1243;46
1243;175
1243;15
1243;178
1243;20
1243;87
1243;88
1243;29
1244;65
1244;147
1244;4
1244;53
1244;43
1244;141
1244;62
1245;97
1245;100
1245;53
1245;101
1245;40
1245;41
1245;58
1245;111
1246;178
1246;131
1246;4
1246;53
1246;184
1246;186
1246;122
1246;90
1246;123
1246;43
1246;62
1247;20
1247;87
1247;88
1247;45
1247;79
1247;15
1248;67
1248;68
1248;133
1248;8
1249;20
1249;87
1249;88
1249;45
1249;79
1249;15
1250;32
1250;150
1250;23
1250;41
1250;110
1251;148
1251;100
1251;149
1251;102
1251;23
1252;114
1252;20
1252;87
1252;88
1252;171
1252;45
1252;15
1253;96
1253;20
1253;87
1253;88
1253;171
1253;173
1253;45
1253;111
1253;79
1253;15
1254;20
1254;87
1254;167
1254;88
1254;170
1254;171
1254;45
1254;79
1254;15
1255;65
1255;4
1255;53
1255;42
1255;43
1255;12
1255;62
1256;65
1256;130
1256;72
1256;41
1256;42
1256;43
1256;12
1256;141
1256;50
1256;51
1256;53
1256;152
1256;153
1256;156
1256;60
1256;62
1256;63
1257;20
1257;166
1257;87
1257;88
1257;171
1257;45
1257;79
1257;15
1258;20
1258;87
1258;171
1258;45
1258;111
1258;79
1258;15
1259;162
1259;20
1259;171
1259;15
1260;114
1260;20
1260;87
1260;171
1260;45
1260;79
1260;15
1261;162
1261;20
1261;171
1261;111
1261;15
1262;20
1262;132
1262;87
1262;171
1262;188
1262;45
1262;15
1263;20
1263;87
1263;171
1263;188
1263;45
1263;79
1263;15
1264;48
1264;20
1264;85
1264;87
1264;184
1264;171
1264;15
1265;20
1265;166
1265;87
1265;45
1265;15
1266;20
1266;87
1266;88
1266;171
1266;45
1266;79
1266;15
1267;20
1267;87
1267;88
1267;171
1267;45
1267;79
1267;15
1268;20
1268;87
1268;88
1268;171
1268;45
1268;79
1268;15
1269;48
1269;20
1269;87
1269;90
1269;15
1270;48
1270;20
1270;87
1270;88
1270;90
1270;171
1270;15
1271;114
1271;20
1271;166
1271;87
1271;88
1271;171
1271;45
1271;79
1271;15
1272;96
1272;20
1272;87
1272;167
1272;171
1272;45
1272;79
1272;15
1273;20
1273;87
1273;88
1273;171
1273;45
1273;15
1274;20
1274;166
1274;87
1274;171
1274;45
1274;79
1274;15
1275;20
1275;87
1275;171
1275;45
1275;174
1275;79
1275;15
1276;48
1276;20
1276;87
1276;171
1276;15
1277;20
1277;87
1277;167
1277;171
1277;45
1277;79
1277;15
1278;48
1278;20
1278;85
1278;87
1278;167
1278;88
1278;171
1278;15
1279;20
1279;166
1279;87
1279;88
1279;171
1279;45
1279;79
1279;15
1280;20
1280;166
1280;87
1280;88
1280;171
1280;45
1280;79
1280;15
1281;20
1281;166
1281;87
1281;90
1281;171
1281;45
1281;79
1281;15
1282;20
1282;87
1282;120
1282;171
1282;45
1282;111
1282;79
1282;15
1283;20
1283;87
1283;171
1283;45
1283;79
1283;15
1284;96
1284;20
1284;87
1284;167
1284;171
1284;45
1284;79
1284;15
1285;178
1285;20
1285;87
1285;184
1285;88
1285;171
1285;45
1285;15
1286;20
1286;87
1286;171
1286;45
1286;79
1286;15
1287;20
1287;87
1287;171
1287;45
1287;174
1287;79
1287;15
1288;178
1288;20
1288;87
1288;88
1288;171
1288;45
1288;15
1289;20
1289;166
1289;87
1289;171
1289;45
1289;79
1289;15
1290;20
1290;87
1290;171
1290;45
1290;79
1290;15
1291;16
1291;48
1291;20
1291;166
1291;87
1291;15
1292;20
1292;87
1292;168
1292;171
1292;45
1292;111
1292;79
1292;15
1293;20
1293;132
1293;87
1293;171
1293;188
1293;45
1293;79
1293;15
1294;20
1294;87
1294;88
1294;171
1294;45
1294;15
1295;96
1295;20
1295;87
1295;171
1295;45
1295;79
1295;15
1296;20
1296;87
1296;167
1296;88
1296;171
1296;45
1296;15
1297;20
1297;87
1297;171
1297;45
1297;79
1297;15
1298;178
1298;20
1298;87
1298;171
1298;45
1298;79
1298;15
1299;20
1299;132
1299;87
1299;171
1299;188
1299;45
1299;15
1300;20
1300;166
1300;87
1300;171
1300;45
1300;79
1300;15
1301;20
1301;87
1301;88
1301;171
1301;45
1301;15
1302;20
1302;87
1302;88
1302;171
1302;45
1302;15
1303;48
1303;20
1303;85
1303;87
1303;171
1303;15
1304;16
1304;48
1304;20
1304;79
1304;15
1305;20
1305;87
1305;88
1305;171
1305;45
1305;111
1305;79
1305;15
1306;20
1306;87
1306;171
1306;45
1306;79
1306;15
1307;178
1307;20
1307;87
1307;88
1307;171
1307;45
1307;15
1308;20
1308;87
1308;171
1308;45
1308;111
1308;79
1308;15
1309;20
1309;87
1309;88
1309;169
1309;171
1309;45
1309;15
1310;20
1310;87
1310;171
1310;45
1310;111
1310;79
1310;15
1311;20
1311;87
1311;88
1311;171
1311;45
1311;79
1311;15
1312;20
1312;87
1312;171
1312;45
1312;79
1312;15
1313;20
1313;87
1313;171
1313;188
1313;45
1313;79
1313;15
1314;48
1314;20
1314;87
1314;167
1314;171
1314;111
1314;15
1315;20
1315;87
1315;171
1315;45
1315;111
1315;79
1315;15
1316;20
1316;166
1316;87
1316;171
1316;45
1316;111
1316;79
1316;15
1317;114
1317;20
1317;166
1317;87
1317;88
1317;90
1317;171
1317;123
1317;45
1317;79
1317;15
1318;20
1318;87
1318;88
1318;171
1318;45
1318;79
1318;15
1319;20
1319;166
1319;87
1319;171
1319;45
1319;79
1319;15
1320;20
1320;87
1320;88
1320;171
1320;45
1320;174
1320;79
1320;15
1321;20
1321;87
1321;171
1321;45
1321;79
1321;15
1322;20
1322;87
1322;88
1322;171
1322;45
1322;15
1323;178
1323;20
1323;87
1323;88
1323;171
1323;45
1323;15
1324;178
1324;20
1324;87
1324;171
1324;45
1324;79
1324;15
1325;48
1325;20
1325;166
1325;87
1325;171
1325;79
1325;15
1326;20
1326;87
1326;171
1326;45
1326;111
1326;79
1326;15
1327;20
1327;166
1327;87
1327;171
1327;45
1327;79
1327;15
1328;114
1328;20
1328;87
1328;167
1328;88
1328;171
1328;45
1328;79
1328;15
1329;20
1329;87
1329;90
1329;171
1329;45
1329;174
1329;79
1329;15
1330;178
1330;20
1330;87
1330;88
1330;171
1330;173
1330;45
1330;46
1330;111
1330;79
1330;15
1331;20
1331;166
1331;87
1331;88
1331;171
1331;45
1331;79
1331;15
1332;20
1332;87
1332;88
1332;171
1332;45
1332;79
1332;15
1333;178
1333;20
1333;87
1333;88
1333;171
1333;45
1333;79
1333;15
1334;20
1334;87
1334;169
1334;171
1334;45
1334;79
1334;15
1335;48
1335;20
1335;85
1335;87
1335;171
1335;174
1335;111
1335;79
1335;15
1336;20
1336;85
1336;87
1336;168
1336;171
1336;45
1336;79
1336;15
1337;20
1337;166
1337;87
1337;171
1337;45
1337;79
1337;15
1338;177
1338;178
1338;20
1338;87
1338;88
1338;171
1338;45
1338;15
1339;20
1339;166
1339;87
1339;171
1339;45
1339;79
1339;15
1340;20
1340;87
1340;167
1340;171
1340;45
1340;79
1340;15
1341;20
1341;87
1341;88
1341;171
1341;45
1341;79
1341;15
1342;20
1342;87
1342;171
1342;45
1342;79
1342;15
1343;16
1343;162
1343;20
1343;15
1344;20
1344;87
1344;171
1344;45
1344;79
1344;15
1345;82
1345;20
1345;166
1345;87
1345;167
1345;90
1345;171
1345;45
1345;79
1345;15
1346;20
1346;87
1346;88
1346;171
1346;45
1346;79
1346;15
1347;20
1347;166
1347;87
1347;88
1347;171
1347;45
1347;79
1347;15
1348;20
1348;87
1348;88
1348;171
1348;45
1348;79
1348;15
1349;178
1349;20
1349;87
1349;88
1349;171
1349;45
1349;15
1350;81
1350;20
1350;132
1350;87
1350;171
1350;45
1350;79
1350;15
1351;96
1351;20
1351;87
1351;167
1351;88
1351;171
1351;45
1351;79
1351;15
1352;20
1352;87
1352;88
1352;171
1352;45
1352;79
1352;15
1353;20
1353;87
1353;88
1353;171
1353;45
1353;79
1353;15
1354;20
1354;166
1354;87
1354;171
1354;45
1354;79
1354;15
1355;48
1355;20
1355;87
1355;171
1355;111
1355;15
1356;20
1356;87
1356;167
1356;171
1356;45
1356;79
1356;15
1357;20
1357;87
1357;88
1357;171
1357;45
1357;79
1357;15
1358;20
1358;87
1358;88
1358;171
1358;45
1358;15
1359;20
1359;87
1359;171
1359;45
1359;111
1359;79
1359;15
1360;20
1360;87
1360;88
1360;171
1360;45
1360;79
1360;15
1361;20
1361;87
1361;88
1361;171
1361;45
1361;79
1361;15
1362;178
1362;20
1362;87
1362;88
1362;171
1362;45
1362;79
1362;15
1363;20
1363;166
1363;87
1363;171
1363;173
1363;45
1363;79
1363;15
1364;178
1364;20
1364;87
1364;88
1364;171
1364;45
1364;15
1365;20
1365;87
1365;168
1365;88
1365;171
1365;45
1365;79
1365;15
1366;20
1366;132
1366;87
1366;171
1366;188
1366;45
1366;15
1367;20
1367;87
1367;167
1367;171
1367;45
1367;79
1367;15
1368;20
1368;87
1368;188
1368;45
1368;15
1369;48
1369;20
1369;85
1369;87
1369;171
1369;15
1370;20
1370;167
1370;171
1370;124
1370;93
1370;45
1370;79
1370;15
1371;20
1371;87
1371;88
1371;171
1371;45
1371;15
1372;48
1372;20
1372;87
1372;111
1372;79
1372;15
1373;16
1373;20
1373;166
1373;87
1373;45
1373;79
1373;15
1374;20
1374;87
1374;168
1374;171
1374;45
1374;79
1374;15
1375;20
1375;166
1375;87
1375;171
1375;45
1375;79
1375;15
1376;178
1376;20
1376;87
1376;171
1376;188
1376;45
1376;15
1377;20
1377;87
1377;45
1377;111
1377;79
1377;15
1378;20
1378;87
1378;171
1378;45
1378;111
1378;79
1378;15
1379;20
1379;87
1379;88
1379;171
1379;45
1379;174
1379;79
1379;15
1380;20
1380;118
1380;87
1380;88
1380;122
1380;171
1380;45
1380;15
1381;177
1381;178
1381;20
1381;87
1381;90
1381;45
1381;79
1381;15
1382;20
1382;166
1382;87
1382;88
1382;171
1382;45
1382;79
1382;15
1383;20
1383;87
1383;167
1383;171
1383;45
1383;79
1383;15
1384;20
1384;87
1384;171
1384;45
1384;79
1384;15
1385;20
1385;87
1385;167
1385;171
1385;45
1385;79
1385;15
1386;16
1386;48
1386;20
1386;87
1386;167
1386;171
1386;79
1386;15
1387;48
1387;20
1387;85
1387;87
1387;171
1387;15
1388;20
1388;87
1388;88
1388;171
1388;45
1388;15
1389;96
1389;178
1389;20
1389;87
1389;122
1389;171
1389;45
1389;79
1389;15
1390;80
1390;48
1390;83
1390;20
1390;85
1390;87
1390;90
1390;171
1390;46
1390;15
1391;20
1391;166
1391;87
1391;171
1391;45
1391;79
1391;15
1392;20
1392;87
1392;171
1392;45
1392;79
1392;15
1393;48
1393;82
1393;20
1393;87
1393;171
1393;79
1393;15
1394;177
1394;20
1394;87
1394;171
1394;45
1394;79
1394;15
1395;20
1395;87
1395;171
1395;45
1395;111
1395;79
1395;15
1396;20
1396;87
1396;171
1396;45
1396;111
1396;79
1396;15
1397;20
1397;166
1397;87
1397;171
1397;45
1397;79
1397;15
1398;178
1398;20
1398;87
1398;88
1398;122
1398;90
1398;171
1398;45
1398;79
1398;15
1398;127
1399;96
1399;178
1399;20
1399;87
1399;171
1399;45
1399;79
1399;15
1400;20
1400;87
1400;88
1400;171
1400;45
1400;15
1401;96
1401;20
1401;87
1401;88
1401;171
1401;45
1401;79
1401;15
1402;20
1402;87
1402;167
1402;171
1402;45
1402;79
1402;15
1403;16
1403;81
1403;20
1403;87
1403;184
1403;88
1403;105
1403;122
1403;171
1403;45
1403;79
1403;15
1404;96
1404;20
1404;87
1404;88
1404;171
1404;45
1404;79
1404;15
1405;48
1405;129
1405;20
1405;85
1405;87
1405;153
1405;10
1405;171
1405;27
1405;15
1406;20
1406;166
1406;87
1406;45
1406;79
1406;15
1407;48
1407;20
1407;166
1407;87
1407;171
1407;79
1407;15
1408;48
1408;20
1408;85
1408;87
1408;171
1408;15
1409;20
1409;87
1409;88
1409;171
1409;45
1409;79
1409;15
1410;20
1410;166
1410;88
1410;171
1410;111
1410;15
1411;20
1411;87
1411;88
1411;171
1411;45
1411;79
1411;15
1412;20
1412;87
1412;88
1412;171
1412;45
1412;79
1412;15
1413;20
1413;87
1413;167
1413;88
1413;171
1413;45
1413;79
1413;15
1414;20
1414;87
1414;168
1414;88
1414;171
1414;45
1414;15
1415;20
1415;87
1415;171
1415;45
1415;174
1415;79
1415;15
1416;16
1416;96
1416;178
1416;20
1416;87
1416;88
1416;90
1416;45
1416;111
1416;79
1416;15
1417;48
1417;20
1417;85
1417;87
1417;88
1417;90
1417;171
1417;15
1418;20
1418;166
1418;87
1418;171
1418;45
1418;79
1418;15
1419;20
1419;87
1419;88
1419;90
1419;171
1419;45
1419;15
1420;162
1420;20
1420;171
1420;15
1421;20
1421;166
1421;87
1421;171
1421;45
1421;79
1421;15
1422;20
1422;166
1422;87
1422;171
1422;45
1422;79
1422;15
1423;48
1423;20
1423;85
1423;87
1423;167
1423;171
1423;15
1424;20
1424;87
1424;88
1424;171
1424;45
1424;15
1425;20
1425;87
1425;167
1425;171
1425;45
1425;79
1425;15
1426;20
1426;87
1426;171
1426;45
1426;111
1426;79
1426;15
1427;20
1427;87
1427;88
1427;171
1427;45
1427;15
1428;20
1428;87
1428;167
1428;171
1428;45
1428;79
1428;15
1429;20
1429;166
1429;87
1429;171
1429;45
1429;15
1430;48
1430;20
1430;85
1430;87
1430;88
1430;90
1430;171
1430;15
1431;48
1431;178
1431;20
1431;85
1431;87
1431;88
1431;171
1431;79
1431;15
1432;20
1432;87
1432;88
1432;171
1432;45
1432;79
1432;15
1433;20
1433;166
1433;87
1433;88
1433;171
1433;173
1433;45
1433;111
1433;79
1433;15
1434;20
1434;87
1434;171
1434;45
1434;79
1434;15
1435;20
1435;166
1435;87
1435;171
1435;45
1435;79
1435;15
1436;20
1436;166
1436;87
1436;88
1436;171
1436;45
1436;15
1437;178
1437;20
1437;87
1437;88
1437;171
1437;45
1437;79
1437;15
1438;20
1438;87
1438;171
1438;45
1438;15
1439;20
1439;166
1439;87
1439;171
1439;45
1439;79
1439;15
1440;20
1440;87
1440;171
1440;188
1440;45
1440;174
1440;15
1441;178
1441;20
1441;87
1441;88
1441;171
1441;45
1441;79
1441;15
1442;20
1442;87
1442;171
1442;45
1442;79
1442;15
1443;20
1443;87
1443;168
1443;171
1443;45
1443;79
1443;15
1444;96
1444;178
1444;20
1444;87
1444;88
1444;171
1444;45
1444;15
1445;20
1445;87
1445;167
1445;171
1445;45
1445;79
1445;15
1446;20
1446;87
1446;171
1446;188
1446;45
1446;175
1446;15
1447;96
1447;178
1447;20
1447;87
1447;171
1447;45
1447;79
1447;15
1448;16
1448;96
1448;48
1448;20
1448;87
1448;171
1448;15
1449;20
1449;87
1449;167
1449;88
1449;171
1449;45
1449;15
1450;20
1450;87
1450;88
1450;171
1450;45
1450;79
1450;15
1451;20
1451;87
1451;171
1451;45
1451;174
1451;111
1451;79
1451;15
1452;16
1452;48
1452;82
1452;20
1452;166
1452;87
1452;171
1452;27
1452;111
1452;15
1453;20
1453;87
1453;167
1453;171
1453;45
1453;79
1453;15
1454;20
1454;87
1454;171
1454;45
1454;79
1454;15
1455;20
1455;87
1455;171
1455;45
1455;111
1455;79
1455;15
1456;20
1456;87
1456;171
1456;45
1456;79
1456;15
1457;20
1457;87
1457;171
1457;45
1457;79
1457;15
1458;96
1458;178
1458;20
1458;87
1458;88
1458;122
1458;90
1458;171
1458;45
1458;79
1458;15
1459;20
1459;87
1459;167
1459;171
1459;45
1459;79
1459;15
1460;20
1460;166
1460;87
1460;88
1460;171
1460;173
1460;45
1460;111
1460;79
1460;15
1461;48
1461;20
1461;85
1461;87
1461;171
1461;15
1462;20
1462;87
1462;167
1462;88
1462;171
1462;45
1462;15
1463;48
1463;20
1463;85
1463;87
1463;171
1463;15
1464;20
1464;87
1464;167
1464;171
1464;45
1464;79
1464;15
1465;20
1465;87
1465;167
1465;88
1465;171
1465;45
1465;15
1466;48
1466;20
1466;85
1466;87
1466;175
1466;15
1467;178
1467;20
1467;87
1467;171
1467;45
1467;79
1467;15
1468;20
1468;166
1468;87
1468;88
1468;171
1468;45
1468;79
1468;15
1469;96
1469;178
1469;20
1469;166
1469;87
1469;171
1469;45
1469;79
1469;15
1470;20
1470;166
1470;87
1470;171
1470;45
1470;79
1470;15
1471;20
1471;166
1471;87
1471;171
1471;173
1471;45
1471;111
1471;79
1471;15
1472;20
1472;166
1472;87
1472;45
1472;79
1472;15
1473;48
1473;20
1473;87
1473;171
1473;15
1474;20
1474;87
1474;88
1474;171
1474;45
1474;15
1475;48
1475;20
1475;85
1475;87
1475;171
1475;15
1476;20
1476;166
1476;87
1476;171
1476;45
1476;79
1476;15
1477;20
1477;87
1477;88
1477;171
1477;45
1477;15
1478;178
1478;20
1478;118
1478;87
1478;88
1478;122
1478;171
1478;45
1478;15
1479;178
1479;20
1479;87
1479;88
1479;122
1479;171
1479;45
1479;15
1480;178
1480;20
1480;87
1480;88
1480;171
1480;45
1480;15
1481;20
1481;166
1481;87
1481;171
1481;45
1481;79
1481;15
1482;20
1482;166
1482;87
1482;171
1482;45
1482;79
1482;15
1483;48
1483;20
1483;87
1483;171
1483;111
1483;79
1483;15
1484;178
1484;20
1484;87
1484;171
1484;45
1484;79
1484;15
1485;20
1485;166
1485;87
1485;171
1485;45
1485;79
1485;15
1486;48
1486;20
1486;87
1486;171
1486;173
1486;15
1487;20
1487;87
1487;88
1487;171
1487;45
1487;174
1487;79
1487;15
1488;20
1488;87
1488;171
1488;45
1488;111
1488;79
1488;15
1489;20
1489;166
1489;87
1489;171
1489;45
1489;79
1489;15
1490;20
1490;132
1490;166
1490;87
1490;171
1490;45
1490;79
1490;15
1491;20
1491;87
1491;88
1491;171
1491;45
1491;79
1491;15
1492;20
1492;87
1492;88
1492;171
1492;45
1492;175
1492;15
1493;20
1493;87
1493;171
1493;45
1493;174
1493;79
1493;15
1494;20
1494;87
1494;88
1494;171
1494;45
1494;79
1494;15
1495;20
1495;87
1495;171
1495;45
1495;111
1495;79
1495;15
1496;96
1496;131
1496;171
1496;45
1496;15
1496;79
1496;178
1496;20
1496;180
1496;118
1496;87
1496;88
1496;122
1497;20
1497;87
1497;88
1497;171
1497;45
1497;174
1497;79
1497;15
1498;96
1498;20
1498;87
1498;88
1498;171
1498;45
1498;79
1498;15
1499;20
1499;87
1499;171
1499;45
1499;174
1499;79
1499;15
1500;20
1500;166
1500;87
1500;171
1500;173
1500;45
1500;79
1500;15
1501;20
1501;87
1501;88
1501;171
1501;45
1501;79
1501;15
1502;20
1502;87
1502;171
1502;45
1502;111
1502;79
1502;15
1503;20
1503;87
1503;167
1503;88
1503;171
1503;45
1503;79
1503;15
1504;20
1504;87
1504;88
1504;171
1504;45
1504;15
1505;178
1505;20
1505;87
1505;171
1505;45
1505;79
1505;15
1506;20
1506;87
1506;168
1506;171
1506;45
1506;79
1506;15
1507;48
1507;20
1507;85
1507;87
1507;171
1507;15
1508;178
1508;20
1508;87
1508;88
1508;171
1508;45
1508;79
1508;15
1509;20
1509;166
1509;87
1509;88
1509;171
1509;45
1509;15
1510;20
1510;87
1510;88
1510;171
1510;45
1510;15
1511;20
1511;87
1511;88
1511;171
1511;15
1512;20
1512;79
1512;15
1513;20
1513;166
1513;87
1513;171
1513;45
1513;79
1513;15
1514;20
1514;87
1514;88
1514;90
1514;45
1514;174
1514;111
1514;79
1514;15
1515;20
1515;87
1515;88
1515;171
1515;45
1515;79
1515;15
1516;20
1516;166
1516;87
1516;88
1516;171
1516;45
1516;15
1517;20
1517;87
1517;45
1517;111
1517;79
1517;15
1518;20
1518;87
1518;167
1518;171
1518;45
1518;79
1518;15
1519;20
1519;87
1519;171
1519;45
1519;79
1519;15
1520;178
1520;20
1520;87
1520;88
1520;169
1520;171
1520;45
1520;15
1521;178
1521;20
1521;87
1521;88
1521;171
1521;45
1521;15
1522;20
1522;87
1522;171
1522;45
1522;79
1522;15
1523;20
1523;87
1523;171
1523;45
1523;79
1523;15
1524;20
1524;87
1524;171
1524;45
1524;174
1524;79
1524;15
1525;20
1525;87
1525;88
1525;171
1525;45
1525;15
1526;96
1526;48
1526;20
1526;85
1526;87
1526;171
1526;15
1527;20
1527;87
1527;171
1527;45
1527;174
1527;79
1527;15
1528;162
1528;19
1528;20
1528;87
1528;25
1528;122
1528;171
1528;46
1528;111
1528;15
1528;79
1529;20
1529;87
1529;88
1529;171
1529;45
1529;111
1529;79
1529;15
1530;178
1530;20
1530;87
1530;88
1530;171
1530;45
1530;15
1531;20
1531;166
1531;87
1531;171
1531;45
1531;79
1531;15
1532;20
1532;87
1532;88
1532;171
1532;45
1532;111
1532;79
1532;15
1533;162
1533;20
1533;171
1533;15
1534;20
1534;87
1534;171
1534;45
1534;111
1534;79
1534;15
1535;177
1535;20
1535;166
1535;87
1535;185
1535;171
1535;45
1535;79
1535;15
1536;48
1536;20
1536;85
1536;87
1536;167
1536;171
1536;15
1537;20
1537;87
1537;88
1537;171
1537;45
1537;15
1538;20
1538;87
1538;88
1538;171
1538;45
1538;175
1538;15
1539;20
1539;166
1539;87
1539;90
1539;171
1539;45
1539;79
1539;15
1540;178
1540;20
1540;87
1540;88
1540;171
1540;45
1540;79
1540;15
1541;96
1541;20
1541;87
1541;168
1541;171
1541;45
1541;79
1541;15
1542;20
1542;87
1542;167
1542;88
1542;171
1542;45
1542;15
1543;16
1543;48
1543;20
1543;85
1543;87
1543;167
1543;171
1543;15
1544;20
1544;166
1544;87
1544;171
1544;45
1544;79
1544;15
1545;48
1545;20
1545;87
1545;88
1545;171
1545;15
1546;20
1546;87
1546;167
1546;88
1546;171
1546;45
1546;15
1547;177
1547;178
1547;20
1547;87
1547;90
1547;45
1547;79
1547;15
1548;178
1548;20
1548;87
1548;88
1548;171
1548;45
1548;15
1549;20
1549;166
1549;87
1549;171
1549;45
1549;79
1549;15
1550;48
1550;20
1550;85
1550;87
1550;88
1550;169
1550;171
1550;15
1551;20
1551;166
1551;87
1551;171
1551;45
1551;79
1551;15
1552;20
1552;87
1552;88
1552;171
1552;45
1552;174
1552;15
1553;20
1553;87
1553;171
1553;45
1553;79
1553;15
1554;162
1554;20
1554;184
1554;171
1554;15
1555;20
1555;166
1555;87
1555;167
1555;90
1555;171
1555;45
1555;79
1555;15
1556;20
1556;87
1556;167
1556;88
1556;171
1556;45
1556;15
1557;20
1557;87
1557;88
1557;171
1557;45
1557;15
1558;80
1558;48
1558;20
1558;87
1558;184
1558;90
1558;171
1558;15
1559;20
1559;166
1559;87
1559;45
1559;46
1559;79
1559;15
1560;20
1560;87
1560;171
1560;45
1560;79
1560;15
1561;20
1561;87
1561;88
1561;171
1561;45
1561;79
1561;15
1562;20
1562;87
1562;90
1562;45
1562;79
1562;15
1563;20
1563;166
1563;87
1563;171
1563;45
1563;79
1563;15
1564;20
1564;87
1564;88
1564;171
1564;45
1564;79
1564;15
1565;20
1565;87
1565;88
1565;171
1565;45
1565;79
1565;15
1566;48
1566;178
1566;20
1566;87
1566;171
1566;79
1566;15
1567;20
1567;87
1567;88
1567;90
1567;171
1567;45
1567;79
1567;15
1568;20
1568;87
1568;171
1568;45
1568;111
1568;79
1568;15
1569;20
1569;132
1569;87
1569;171
1569;188
1569;45
1569;15
1570;20
1570;166
1570;87
1570;88
1570;171
1570;45
1570;15
1571;178
1571;20
1571;87
1571;88
1571;122
1571;171
1571;45
1571;79
1571;15
1572;96
1572;20
1572;87
1572;171
1572;45
1572;174
1572;111
1572;79
1572;15
1573;20
1573;87
1573;171
1573;45
1573;79
1573;15
1574;96
1574;20
1574;180
1574;87
1574;168
1574;88
1574;122
1574;90
1574;171
1574;45
1574;79
1574;15
1575;20
1575;166
1575;87
1575;88
1575;171
1575;45
1575;79
1575;15
1576;20
1576;88
1576;90
1576;171
1576;124
1576;93
1576;45
1576;79
1576;15
1577;20
1577;87
1577;167
1577;88
1577;171
1577;45
1577;79
1577;15
1578;20
1578;166
1578;87
1578;90
1578;171
1578;45
1578;79
1578;15
1579;129
1579;20
1579;87
1579;88
1579;171
1579;27
1579;45
1579;79
1579;15
1580;20
1580;85
1580;87
1580;88
1580;90
1580;171
1580;45
1580;15
1581;20
1581;87
1581;88
1581;171
1581;45
1581;174
1581;15
1582;20
1582;166
1582;87
1582;171
1582;45
1582;79
1582;15
1583;178
1583;20
1583;87
1583;171
1583;45
1583;79
1583;15
1584;20
1584;87
1584;167
1584;171
1584;45
1584;111
1584;79
1584;15
1585;20
1585;132
1585;87
1585;171
1585;188
1585;45
1585;15
1586;20
1586;87
1586;171
1586;45
1586;111
1586;79
1586;15
1587;20
1587;166
1587;87
1587;171
1587;45
1587;79
1587;15
1588;20
1588;166
1588;87
1588;171
1588;45
1588;79
1588;15
1589;20
1589;87
1589;171
1589;45
1589;79
1589;15
1590;96
1590;178
1590;20
1590;87
1590;88
1590;171
1590;45
1590;79
1590;15
1591;96
1591;20
1591;166
1591;87
1591;88
1591;171
1591;45
1591;79
1591;15
1592;20
1592;132
1592;87
1592;171
1592;188
1592;45
1592;15
1593;178
1593;20
1593;87
1593;88
1593;122
1593;171
1593;45
1593;15
1594;48
1594;20
1594;166
1594;87
1594;88
1594;89
1594;171
1594;15
1595;178
1595;20
1595;180
1595;87
1595;88
1595;45
1595;15
1596;20
1596;166
1596;87
1596;171
1596;45
1596;79
1596;15
1597;20
1597;87
1597;88
1597;171
1597;45
1597;79
1597;15
1598;20
1598;87
1598;88
1598;171
1598;45
1598;111
1598;79
1598;15
1599;20
1599;87
1599;88
1599;171
1599;45
1599;15
1600;16
1600;96
1600;20
1600;100
1600;87
1600;88
1600;122
1600;90
1600;171
1600;45
1600;79
1600;15
1601;96
1601;81
1601;20
1601;87
1601;88
1601;90
1601;45
1601;15
1602;20
1602;87
1602;88
1602;121
1602;122
1602;171
1602;45
1602;15
1603;20
1603;87
1603;88
1603;171
1603;45
1603;79
1603;15
1604;48
1604;20
1604;85
1604;87
1604;167
1604;171
1604;15
1605;178
1605;20
1605;87
1605;88
1605;122
1605;171
1605;45
1605;15
1606;178
1606;20
1606;87
1606;171
1606;45
1606;111
1606;79
1606;15
1607;48
1607;20
1607;87
1607;171
1607;174
1607;15
1608;20
1608;166
1608;87
1608;88
1608;171
1608;45
1608;15
1609;20
1609;166
1609;87
1609;171
1609;45
1609;79
1609;15
1610;20
1610;87
1610;88
1610;171
1610;45
1610;174
1610;79
1610;15
1611;48
1611;20
1611;87
1611;171
1611;15
1612;20
1612;87
1612;88
1612;171
1612;45
1612;111
1612;79
1612;15
1613;20
1613;132
1613;87
1613;167
1613;171
1613;45
1613;79
1613;15
1614;48
1614;20
1614;85
1614;87
1614;171
1614;15
1615;20
1615;132
1615;87
1615;90
1615;171
1615;45
1615;15
1616;20
1616;166
1616;87
1616;171
1616;45
1616;111
1616;79
1616;15
1617;67
1617;131
1617;52
1617;68
1617;135
1617;121
1617;89
1617;122
1617;45
1617;46
1617;15
1617;47
1618;16
1618;48
1618;20
1618;85
1618;87
1618;169
1618;171
1618;15
1619;20
1619;87
1619;88
1619;171
1619;45
1619;15
1620;20
1620;87
1620;171
1620;45
1620;15
1621;48
1621;20
1621;166
1621;87
1621;171
1621;79
1621;15
1622;20
1622;87
1622;167
1622;171
1622;45
1622;79
1622;15
1623;20
1623;166
1623;87
1623;88
1623;171
1623;45
1623;15
1624;178
1624;20
1624;87
1624;171
1624;45
1624;79
1624;15
1625;48
1625;20
1625;166
1625;87
1625;88
1625;171
1625;79
1625;15
1626;20
1626;166
1626;87
1626;88
1626;171
1626;45
1626;79
1626;15
1627;48
1627;20
1627;166
1627;87
1627;171
1627;174
1627;15
1628;48
1628;20
1628;85
1628;87
1628;171
1628;15
1629;48
1629;20
1629;85
1629;87
1629;167
1629;171
1629;15
1630;20
1630;87
1630;171
1630;45
1630;111
1630;79
1630;15
1631;20
1631;166
1631;87
1631;88
1631;171
1631;45
1631;15
1632;20
1632;87
1632;171
1632;173
1632;45
1632;79
1632;15
1633;162
1633;20
1633;87
1633;167
1633;171
1633;27
1633;45
1633;175
1633;79
1633;15
1634;20
1634;171
1634;15
1635;20
1635;171
1635;79
1635;15
1636;20
1636;171
1636;79
1636;15
1637;20
1637;171
1637;79
1637;15
1638;65
1638;4
1638;53
1638;43
1638;60
1638;62
1638;63
1639;144
1639;65
1639;97
1639;73
1639;59
1639;140
1639;76
1640;97
1640;100
1640;53
1640;25
1640;153
1640;73
1640;59
1640;76
1641;65
1641;177
1641;4
1641;53
1641;152
1641;154
1641;43
1641;60
1641;62
1642;65
1642;130
1642;51
1642;4
1642;53
1642;152
1642;153
1642;41
1642;154
1642;156
1642;62
1642;63
1643;96
1643;65
1643;4
1643;41
1643;105
1643;43
1643;12
1643;51
1643;53
1643;120
1643;89
1643;90
1643;60
1643;62
1644;96
1644;41
1644;90
1644;60
1644;62
1644;63
1645;144
1645;65
1645;97
1645;81
1645;88
1645;153
1645;59
1645;140
1645;92
1645;76
1645;62
1646;65
1646;97
1646;5
1646;40
1646;41
1646;60
1647;97
1647;100
1647;149
1647;102
1647;25
1647;59
1647;62
1648;144
1648;97
1648;81
1648;53
1648;150
1648;88
1648;153
1648;59
1648;140
1648;92
1648;76
1648;62
1649;65
1649;100
1649;53
1649;149
1649;8
1649;25
1649;59
1649;76
1649;62
1650;4
1650;53
1650;89
1650;105
1650;123
1650;43
1650;62
1651;100
1651;53
1651;101
1651;102
1651;23
1651;40
1651;43
1651;111
1652;65
1652;4
1652;53
1652;41
1652;60
1652;62
1653;32
1653;99
1653;61
1654;149
1654;150
1654;25
1654;59
1654;140
1654;76
1654;62
1654;111
1655;65
1655;99
1655;5
1655;41
1655;12
1655;61
1656;65
1656;71
1656;25
1656;59
1656;140
1656;60
1656;76
1656;62
1657;153
1658;97
1658;20
1658;41
1658;105
1658;171
1658;62
1658;111
1658;63
1659;64
1659;65
1659;82
1659;99
1659;5
1659;86
1659;55
1659;41
1659;12
1659;61
1659;63
1660;65
1660;4
1660;53
1660;43
1660;60
1660;62
1660;63
1661;65
1661;97
1661;5
1661;55
1661;40
1661;41
1661;60
1662;65
1662;82
1662;99
1662;5
1662;152
1662;153
1662;41
1662;12
1662;61
1662;63
1663;65
1663;97
1663;5
1663;40
1663;41
1663;60
1663;45
1664;65
1664;97
1664;53
1664;59
1664;140
1664;76
1664;62
1665;4
1665;53
1665;153
1665;123
1665;60
1665;62
1665;63
1666;65
1666;131
1666;4
1666;53
1666;90
1666;43
1666;62
1667;144
1667;65
1667;147
1667;4
1667;53
1667;5
1667;41
1667;123
1667;43
1667;62
1668;65
1668;97
1668;53
1668;59
1668;140
1668;76
1668;62
1669;53
1669;90
1669;123
1669;60
1669;62
1669;111
1669;63
1670;32
1670;130
1670;54
1670;23
1670;73
1670;74
1670;75
1670;110
1671;32
1671;130
1671;54
1671;23
1671;73
1671;74
1671;75
1671;110
1672;32
1672;130
1672;54
1672;23
1672;73
1672;74
1672;75
1672;110
1673;32
1673;130
1673;54
1673;23
1673;73
1673;74
1673;75
1673;110
1674;32
1674;130
1674;54
1674;23
1674;73
1674;74
1674;75
1674;110
1675;32
1675;130
1675;54
1675;23
1675;73
1675;74
1675;75
1675;110
1676;32
1676;130
1676;54
1676;23
1676;73
1676;74
1676;75
1676;110
1677;32
1677;130
1677;54
1677;23
1677;73
1677;74
1677;75
1677;110
1678;32
1678;130
1678;54
1678;23
1678;73
1678;74
1678;75
1678;110
1679;32
1679;130
1679;54
1679;23
1679;73
1679;74
1679;75
1679;110
1680;32
1680;130
1680;54
1680;23
1680;73
1680;74
1680;75
1680;110
1681;32
1681;130
1681;54
1681;23
1681;73
1681;74
1681;75
1681;110
1682;32
1682;130
1682;54
1682;23
1682;73
1682;74
1682;75
1682;110
1683;144
1683;65
1683;73
1683;75
1683;59
1683;140
1683;76
1684;32
1684;130
1684;54
1684;23
1684;73
1684;74
1684;75
1684;110
1685;32
1685;130
1685;54
1685;23
1685;73
1685;74
1685;75
1685;110
